-- phpMyAdmin SQL Dump
-- version 5.2.3
-- https://www.phpmyadmin.net/
--
-- Host: localhost:3306
-- Waktu pembuatan: 30 Bulan Mei 2026 pada 08.15
-- Versi server: 8.4.3
-- Versi PHP: 8.3.26

SET SQL_MODE = "NO_AUTO_VALUE_ON_ZERO";
START TRANSACTION;
SET time_zone = "+00:00";


/*!40101 SET @OLD_CHARACTER_SET_CLIENT=@@CHARACTER_SET_CLIENT */;
/*!40101 SET @OLD_CHARACTER_SET_RESULTS=@@CHARACTER_SET_RESULTS */;
/*!40101 SET @OLD_COLLATION_CONNECTION=@@COLLATION_CONNECTION */;
/*!40101 SET NAMES utf8mb4 */;

--
-- Basis data: `db_bmd`
--

-- --------------------------------------------------------

--
-- Struktur dari tabel `aset_utamas`
--

CREATE TABLE `aset_utamas` (
  `id` bigint UNSIGNED NOT NULL,
  `skpd_id` bigint UNSIGNED NOT NULL,
  `kode_barang_id` bigint UNSIGNED DEFAULT NULL,
  `sub_sub_rincan_objek` varchar(255) COLLATE utf8mb4_unicode_ci DEFAULT NULL,
  `spesifikasi` varchar(255) COLLATE utf8mb4_unicode_ci DEFAULT NULL,
  `spesifikasi_lainnya` varchar(255) COLLATE utf8mb4_unicode_ci DEFAULT NULL,
  `dokumen` varchar(255) COLLATE utf8mb4_unicode_ci DEFAULT NULL,
  `cara_perolehan` varchar(255) COLLATE utf8mb4_unicode_ci DEFAULT NULL,
  `tanggal_perolehan` date DEFAULT NULL,
  `ukuran_barang` varchar(255) COLLATE utf8mb4_unicode_ci DEFAULT NULL,
  `satuan_barang` varchar(255) COLLATE utf8mb4_unicode_ci DEFAULT NULL,
  `kondisi_barang` varchar(255) COLLATE utf8mb4_unicode_ci DEFAULT NULL,
  `created_at` timestamp NULL DEFAULT NULL,
  `updated_at` timestamp NULL DEFAULT NULL
) ENGINE=InnoDB DEFAULT CHARSET=utf8mb4 COLLATE=utf8mb4_unicode_ci;

--
-- Dumping data untuk tabel `aset_utamas`
--

INSERT INTO `aset_utamas` (`id`, `skpd_id`, `kode_barang_id`, `sub_sub_rincan_objek`, `spesifikasi`, `spesifikasi_lainnya`, `dokumen`, `cara_perolehan`, `tanggal_perolehan`, `ukuran_barang`, `satuan_barang`, `kondisi_barang`, `created_at`, `updated_at`) VALUES
(2, 2, 2, 'Sepeda Motor', 'YAMAHA SE88', '', 'F 3742 S', 'PENGADAAN', '2018-09-12', '', 'UNIT', 'BAIK', '2025-12-20 15:17:12', '2025-12-20 15:17:12'),
(3, 3, 2, 'MESIN FOTOCOPY DOUBLE FOLIO', 'MESIN FOTOCOPY ', 'DADF-AG1 ', 'CANON  ', 'PEMBELIAN', '2021-12-06', 'SEDANG', 'UNIT', 'BAIK', '2025-12-20 15:17:12', '2025-12-20 15:17:12'),
(4, 1, 1, 'laptop', '123', '123', '1231', 'Pembelian', '2025-12-31', '10', 'buah', 'Baik', '2025-12-20 23:02:48', '2025-12-20 23:02:48'),
(6, 1, 2, 'Mesin Fotocopy Double Folio', 'asd', 'asd', 'asd', 'Pembelian', '2025-12-23', '1', 'buah', 'Baik', '2025-12-23 03:26:31', '2025-12-23 03:26:31'),
(7, 2, 2, 'Mesin Fotocopy Double Folio', 'asda', 'asd', 'asda', 'Pengadaan', '2025-12-25', '1', 'buah', 'Rusak Ringan', '2025-12-25 06:10:46', '2025-12-25 06:10:46'),
(8, 2, 4, '-', '-', '-', 'asd', 'Lainnya', '2025-12-25', '1', 'buah', 'Baik', '2025-12-25 06:13:17', '2025-12-25 06:13:17'),
(9, 2, 5, 'Software', 'asd', 'asda', 'asd', 'Pembelian', '2026-01-03', '1', 'buah', 'Baik', '2025-12-26 05:04:00', '2025-12-26 05:04:00'),
(11, 11, 2, 'MESIN FOTOCOPY DOUBLE FOLIO', 'asd', 'asd', 'asd', 'Pembelian', '2026-01-03', '2', 'buah', 'Baik', '2026-01-02 00:09:02', '2026-01-02 00:54:13'),
(12, 11, 2, 'MESIN FOTOCOPY DOUBLE FOLIO', 'asd', 'asd', 'asd', 'Pembelian', '2026-01-03', 'sedang', 'unit', 'Baik', '2026-01-02 00:54:40', '2026-01-02 00:54:40'),
(13, 1, 4, NULL, 'HONDA/SUPRA X ', '', 'F 3271 S', 'PENGADAAN', '2012-12-31', '115', 'UNIT', 'BAIK', '2026-01-02 01:16:32', '2026-01-02 01:16:32'),
(14, 2, 4, NULL, 'YAMAHA SE88', '', 'F 3742 S', 'PENGADAAN', '2018-09-12', '', 'UNIT', 'BAIK', '2026-01-02 01:16:32', '2026-01-02 01:16:32'),
(15, 3, 2, NULL, 'CANON R5850 DADF-NI', '', '', 'Pengadaan', '2018-12-12', '-', 'UNIT', 'Baik', '2026-01-02 01:16:32', '2026-01-02 01:28:09');

-- --------------------------------------------------------

--
-- Struktur dari tabel `cache`
--

CREATE TABLE `cache` (
  `key` varchar(255) COLLATE utf8mb4_unicode_ci NOT NULL,
  `value` mediumtext COLLATE utf8mb4_unicode_ci NOT NULL,
  `expiration` int NOT NULL
) ENGINE=InnoDB DEFAULT CHARSET=utf8mb4 COLLATE=utf8mb4_unicode_ci;

-- --------------------------------------------------------

--
-- Struktur dari tabel `cache_locks`
--

CREATE TABLE `cache_locks` (
  `key` varchar(255) COLLATE utf8mb4_unicode_ci NOT NULL,
  `owner` varchar(255) COLLATE utf8mb4_unicode_ci NOT NULL,
  `expiration` int NOT NULL
) ENGINE=InnoDB DEFAULT CHARSET=utf8mb4 COLLATE=utf8mb4_unicode_ci;

-- --------------------------------------------------------

--
-- Struktur dari tabel `failed_jobs`
--

CREATE TABLE `failed_jobs` (
  `id` bigint UNSIGNED NOT NULL,
  `uuid` varchar(255) COLLATE utf8mb4_unicode_ci NOT NULL,
  `connection` text COLLATE utf8mb4_unicode_ci NOT NULL,
  `queue` text COLLATE utf8mb4_unicode_ci NOT NULL,
  `payload` longtext COLLATE utf8mb4_unicode_ci NOT NULL,
  `exception` longtext COLLATE utf8mb4_unicode_ci NOT NULL,
  `failed_at` timestamp NOT NULL DEFAULT CURRENT_TIMESTAMP
) ENGINE=InnoDB DEFAULT CHARSET=utf8mb4 COLLATE=utf8mb4_unicode_ci;

-- --------------------------------------------------------

--
-- Struktur dari tabel `hitung_penyusutan_mutasis`
--

CREATE TABLE `hitung_penyusutan_mutasis` (
  `id` bigint UNSIGNED NOT NULL,
  `aset_utama_id` bigint UNSIGNED DEFAULT NULL,
  `tanggal_mutasi` date NOT NULL,
  `created_at` timestamp NULL DEFAULT NULL,
  `updated_at` timestamp NULL DEFAULT NULL
) ENGINE=InnoDB DEFAULT CHARSET=utf8mb4 COLLATE=utf8mb4_unicode_ci;

--
-- Dumping data untuk tabel `hitung_penyusutan_mutasis`
--

INSERT INTO `hitung_penyusutan_mutasis` (`id`, `aset_utama_id`, `tanggal_mutasi`, `created_at`, `updated_at`) VALUES
(1, NULL, '1994-07-30', '2025-12-20 15:17:12', '2025-12-20 15:17:12'),
(2, NULL, '2010-06-02', '2025-12-20 15:17:12', '2025-12-20 15:17:12'),
(3, NULL, '1995-04-05', '2025-12-20 15:17:12', '2025-12-20 15:17:12'),
(4, NULL, '1991-02-14', '2025-12-20 15:17:12', '2025-12-20 15:17:12'),
(5, NULL, '2007-11-21', '2025-12-20 15:17:12', '2025-12-20 15:17:12'),
(6, 2, '2025-01-29', '2025-12-20 23:09:56', '2025-12-20 23:09:56'),
(7, NULL, '1975-02-28', '2026-01-02 01:16:34', '2026-01-02 01:16:34'),
(8, NULL, '2014-07-21', '2026-01-02 01:16:34', '2026-01-02 01:16:34'),
(9, NULL, '1978-08-07', '2026-01-02 01:16:34', '2026-01-02 01:16:34'),
(10, NULL, '1997-03-11', '2026-01-02 01:16:34', '2026-01-02 01:16:34'),
(11, NULL, '2022-03-26', '2026-01-02 01:16:34', '2026-01-02 01:16:34');

-- --------------------------------------------------------

--
-- Struktur dari tabel `jobs`
--

CREATE TABLE `jobs` (
  `id` bigint UNSIGNED NOT NULL,
  `queue` varchar(255) COLLATE utf8mb4_unicode_ci NOT NULL,
  `payload` longtext COLLATE utf8mb4_unicode_ci NOT NULL,
  `attempts` tinyint UNSIGNED NOT NULL,
  `reserved_at` int UNSIGNED DEFAULT NULL,
  `available_at` int UNSIGNED NOT NULL,
  `created_at` int UNSIGNED NOT NULL
) ENGINE=InnoDB DEFAULT CHARSET=utf8mb4 COLLATE=utf8mb4_unicode_ci;

-- --------------------------------------------------------

--
-- Struktur dari tabel `job_batches`
--

CREATE TABLE `job_batches` (
  `id` varchar(255) COLLATE utf8mb4_unicode_ci NOT NULL,
  `name` varchar(255) COLLATE utf8mb4_unicode_ci NOT NULL,
  `total_jobs` int NOT NULL,
  `pending_jobs` int NOT NULL,
  `failed_jobs` int NOT NULL,
  `failed_job_ids` longtext COLLATE utf8mb4_unicode_ci NOT NULL,
  `options` mediumtext COLLATE utf8mb4_unicode_ci,
  `cancelled_at` int DEFAULT NULL,
  `created_at` int NOT NULL,
  `finished_at` int DEFAULT NULL
) ENGINE=InnoDB DEFAULT CHARSET=utf8mb4 COLLATE=utf8mb4_unicode_ci;

-- --------------------------------------------------------

--
-- Struktur dari tabel `kode_barangs`
--

CREATE TABLE `kode_barangs` (
  `id` bigint UNSIGNED NOT NULL,
  `kode` varchar(255) COLLATE utf8mb4_unicode_ci NOT NULL,
  `sub_sub_rincang` varchar(255) COLLATE utf8mb4_unicode_ci NOT NULL,
  `sub_rincang` varchar(255) COLLATE utf8mb4_unicode_ci NOT NULL,
  `rincian_objek` varchar(255) COLLATE utf8mb4_unicode_ci NOT NULL,
  `objek` varchar(255) COLLATE utf8mb4_unicode_ci NOT NULL,
  `jenis` varchar(255) COLLATE utf8mb4_unicode_ci NOT NULL,
  `kelompok` varchar(255) COLLATE utf8mb4_unicode_ci NOT NULL,
  `akun` varchar(255) COLLATE utf8mb4_unicode_ci DEFAULT NULL,
  `kode_penyusutan` varchar(255) COLLATE utf8mb4_unicode_ci DEFAULT NULL,
  `usia_manfaat` int DEFAULT NULL,
  `a0_5` int DEFAULT NULL,
  `a5_10` int DEFAULT NULL,
  `a10_20` int DEFAULT NULL,
  `a20_25` int DEFAULT NULL,
  `a25_30` int DEFAULT NULL,
  `a30_40` int DEFAULT NULL,
  `a40_45` int DEFAULT NULL,
  `a45_50` int DEFAULT NULL,
  `a50_65` int DEFAULT NULL,
  `a65_75` int DEFAULT NULL,
  `a75` int DEFAULT NULL,
  `keterangan` varchar(255) COLLATE utf8mb4_unicode_ci DEFAULT NULL,
  `created_at` timestamp NULL DEFAULT NULL,
  `updated_at` timestamp NULL DEFAULT NULL
) ENGINE=InnoDB DEFAULT CHARSET=utf8mb4 COLLATE=utf8mb4_unicode_ci;

--
-- Dumping data untuk tabel `kode_barangs`
--

INSERT INTO `kode_barangs` (`id`, `kode`, `sub_sub_rincang`, `sub_rincang`, `rincian_objek`, `objek`, `jenis`, `kelompok`, `akun`, `kode_penyusutan`, `usia_manfaat`, `a0_5`, `a5_10`, `a10_20`, `a20_25`, `a25_30`, `a30_40`, `a40_45`, `a45_50`, `a50_65`, `a65_75`, `a75`, `keterangan`, `created_at`, `updated_at`) VALUES
(1, '1.3.2.02.01.04.001', 'Sepeda Motor', 'ENDARAAN BERMOTOR BERODA DUA', 'ALAT ANGKUTAN DARAT BERMOTOR', 'ALAT ANGKUTAN', 'PERALATAN DAN MESIN', 'ASET TETAP', 'ASET', '1.3.7.01.02.01.004', 7, 1, 1, 1, 1, 2, 2, 2, 2, 3, 3, 3, 'keterangan', NULL, NULL),
(2, '1.3.2.05.01.03.008', 'Mesin Fotocopy Double Folio', 'ALAT REPRODUKSI (PENGGANDAAN)', 'ALAT KANTOR', 'ALAT KANTOR DAN RUMAH TANGGA', 'PERALATAN DAN MESIN', 'ASET TETAP', 'ASET', '1.3.7.01.05.01.003', 5, NULL, NULL, NULL, NULL, 1, 1, 1, 1, 2, 2, 3, 'keterangan', '2025-12-20 15:17:12', '2025-12-20 15:17:12'),
(3, '1', 'Aset', '123', '123', '123', '123', '123', '123', '123', 123, 12, 12, 21, 2, 3, NULL, 3, NULL, NULL, NULL, NULL, 'sad', '2025-12-21 21:45:10', '2025-12-21 21:45:10'),
(4, '1.3.1.01.01.04.001', 'TANAH BANGUNAN KANTOR PEMERINTAH', '-', '-', '-', '-', '-', 'tanh', '12', 12, NULL, NULL, NULL, NULL, NULL, NULL, NULL, NULL, NULL, NULL, NULL, NULL, '2025-12-25 06:12:41', '2025-12-25 06:12:41'),
(5, '1.5.3.01.01.05.001', 'Software', 'aplikasi', 'ASET TIDAK BERWUJUD', 'ASET TIDAK BERWUJUD', 'ASET TIDAK BERWUJUD', 'ASET LAINNYA', 'ASET', '1.5.5.01.01.01.005', 0, NULL, NULL, NULL, NULL, NULL, NULL, NULL, NULL, NULL, NULL, NULL, 'sa', '2025-12-26 05:03:33', '2025-12-26 05:03:33'),
(6, '1.3.2.02.01.04.001', 'Sepeda Motor', 'ENDARAAN BERMOTOR BERODA DUA', 'ALAT ANGKUTAN DARAT BERMOTOR', 'ALAT ANGKUTAN', 'PERALATAN DAN MESIN', 'ASET TETAP', 'ASET', '1.3.7.01.02.01.004', 7, 1, 1, 1, 1, 2, 2, 2, 2, 3, 3, 3, 'keterangan', NULL, NULL),
(7, '1.3.2.05.01.03.008', 'Mesin Fotocopy Double Folio', 'ALAT REPRODUKSI (PENGGANDAAN)', 'ALAT KANTOR', 'ALAT KANTOR DAN RUMAH TANGGA', 'PERALATAN DAN MESIN', 'ASET TETAP', 'ASET', '1.3.7.01.05.01.003', 5, NULL, NULL, NULL, NULL, 1, 1, 1, 1, 2, 2, 3, 'keterangan', '2026-01-02 01:16:32', '2026-01-02 01:16:32');

-- --------------------------------------------------------

--
-- Struktur dari tabel `kode_parent_barang`
--

CREATE TABLE `kode_parent_barang` (
  `id` bigint UNSIGNED NOT NULL,
  `kode` varchar(255) COLLATE utf8mb4_unicode_ci NOT NULL,
  `uraian` varchar(255) COLLATE utf8mb4_unicode_ci NOT NULL,
  `level` int NOT NULL,
  `parent_kode` varchar(255) COLLATE utf8mb4_unicode_ci DEFAULT NULL,
  `created_at` timestamp NULL DEFAULT NULL,
  `updated_at` timestamp NULL DEFAULT NULL
) ENGINE=InnoDB DEFAULT CHARSET=utf8mb4 COLLATE=utf8mb4_unicode_ci;

--
-- Dumping data untuk tabel `kode_parent_barang`
--

INSERT INTO `kode_parent_barang` (`id`, `kode`, `uraian`, `level`, `parent_kode`, `created_at`, `updated_at`) VALUES
(1, '1', 'ASET', 1, NULL, NULL, NULL),
(2, '1.3', 'ASET TETAP', 2, '1', NULL, NULL),
(3, '1.3.1', 'TANAH', 3, '1.3', NULL, NULL),
(4, '1.3.1.01', 'TANAH', 4, '1.3.1', NULL, NULL),
(5, '1.3.1.01.01', 'TANAH PERSIL', 5, '1.3.1.01', NULL, NULL),
(6, '1.3.1.01.01.01', 'TANAH BANGUNAN PERUMAHAN/G.TEMPAT TINGGAL', 6, '1.3.1.01.01', NULL, NULL),
(7, '1.3.1.01.01.02', 'TANAH UNTUK BANGUNAN GED.PERDAGANGAN/PERUSAHAAN', 6, '1.3.1.01.01', NULL, NULL),
(8, '1.3.1.01.01.03', 'TANAH UNTUK BANGUNAN INDUSTRI', 6, '1.3.1.01.01', NULL, NULL),
(9, '1.3.1.01.01.04', 'TANAH UNTUK BANGUNAN TEMPAT KERJA', 6, '1.3.1.01.01', NULL, NULL),
(10, '1.3.1.01.01.05', 'TANAH UNTUK BANGUNAN GEDUNG SARANA OLAH RAGA', 6, '1.3.1.01.01', NULL, NULL),
(11, '1.3.1.01.01.06', 'TANAH UNTUK BANGUNAN TEMPAT IBADAH', 6, '1.3.1.01.01', NULL, NULL),
(12, '1.3.1.01.01.07', 'TANAH PERSIL LAINNYA', 6, '1.3.1.01.01', NULL, NULL),
(13, '1.3.1.01.02', 'TANAH NON PERSIL', 5, '1.3.1.01', NULL, NULL),
(14, '1.3.1.01.02.01', 'TANAH BASAH', 6, '1.3.1.01.02', NULL, NULL),
(15, '1.3.1.01.02.02', 'TANAH KERING', 6, '1.3.1.01.02', NULL, NULL),
(16, '1.3.1.01.02.03', 'TANAH PERKEBUNAN', 6, '1.3.1.01.02', NULL, NULL),
(17, '1.3.1.01.02.04', 'TANAH HUTAN', 6, '1.3.1.01.02', NULL, NULL),
(18, '1.3.1.01.02.05', 'TANAH TANDUS', 6, '1.3.1.01.02', NULL, NULL),
(19, '1.3.1.01.02.06', 'TANAH PADANG ALANG-ALANG/RUMPUT', 6, '1.3.1.01.02', NULL, NULL),
(20, '1.3.1.01.02.07', 'TANAH PERTANIAN', 6, '1.3.1.01.02', NULL, NULL),
(21, '1.3.1.01.02.08', 'TANAH PERTAMBANGAN', 6, '1.3.1.01.02', NULL, NULL),
(22, '1.3.1.01.02.09', 'TANAH NON PERSIL LAINNYA', 6, '1.3.1.01.02', NULL, NULL),
(23, '1.3.1.01.03', 'LAPANGAN', 5, '1.3.1.01', NULL, NULL),
(24, '1.3.1.01.03.01', 'TANAH LAPANGAN OLAH RAGA', 6, '1.3.1.01.03', NULL, NULL),
(25, '1.3.1.01.03.02', 'TANAH LAPANGAN PARKIR', 6, '1.3.1.01.03', NULL, NULL),
(26, '1.3.1.01.03.03', 'TANAH LAPANGAN PENIMBUNAN BARANG', 6, '1.3.1.01.03', NULL, NULL),
(27, '1.3.1.01.03.04', 'TANAH LAPANGAN PEMANCAR DAN STUDIO ALAM', 6, '1.3.1.01.03', NULL, NULL),
(28, '1.3.1.01.03.05', 'TANAH LAPANGAN PENGUJIAN/PENGOLAHAN', 6, '1.3.1.01.03', NULL, NULL),
(29, '1.3.1.01.03.06', 'TANAH LAPANGAN TERBANG', 6, '1.3.1.01.03', NULL, NULL),
(30, '1.3.1.01.03.07', 'TANAH UNTUK JALAN', 6, '1.3.1.01.03', NULL, NULL),
(31, '1.3.1.01.03.08', 'TANAH UNTUK BANGUNAN AIR', 6, '1.3.1.01.03', NULL, NULL),
(32, '1.3.1.01.03.09', 'TANAH UNTUK BANGUNAN INSTALASI', 6, '1.3.1.01.03', NULL, NULL),
(33, '1.3.1.01.03.10', 'TANAH UNTUK BANGUNAN JARINGAN', 6, '1.3.1.01.03', NULL, NULL),
(34, '1.3.1.01.03.11', 'TANAH UNTUK BANGUNAN BERSEJARAH', 6, '1.3.1.01.03', NULL, NULL),
(35, '1.3.1.01.03.12', 'TANAH UNTUK MAKAM', 6, '1.3.1.01.03', NULL, NULL),
(36, '1.3.1.01.03.13', 'TANAH UNTUK TAMAN', 6, '1.3.1.01.03', NULL, NULL),
(37, '1.3.1.01.03.14', 'TANAH UNTUK LATIHAN', 6, '1.3.1.01.03', NULL, NULL),
(38, '1.3.1.01.03.15', 'TANAH DAERAH PERTAHANAN', 6, '1.3.1.01.03', NULL, NULL),
(39, '1.3.1.01.03.16', 'TANAH LAPANGAN PBB', 6, '1.3.1.01.03', NULL, NULL),
(40, '1.3.1.01.03.17', 'TANAH KAMPUNG', 6, '1.3.1.01.03', NULL, NULL),
(41, '1.3.1.01.03.18', 'EMPLASMENT', 6, '1.3.1.01.03', NULL, NULL),
(42, '1.3.1.01.03.19', 'LAPANGAN LAINNYA', 6, '1.3.1.01.03', NULL, NULL),
(43, '1.3.2', 'PERALATAN DAN MESIN', 3, '1.3', NULL, NULL),
(44, '1.3.2.01', 'ALAT BESAR', 4, '1.3.2', NULL, NULL),
(45, '1.3.2.01.01', 'ALAT BESAR DARAT', 5, '1.3.2.01', NULL, NULL),
(46, '1.3.2.01.01.01', 'TRACTOR', 6, '1.3.2.01.01', NULL, NULL),
(47, '1.3.2.01.01.02', 'GRADER', 6, '1.3.2.01.01', NULL, NULL),
(48, '1.3.2.01.01.03', 'EXCAVATOR', 6, '1.3.2.01.01', NULL, NULL),
(49, '1.3.2.01.01.04', 'PILE DRIVER', 6, '1.3.2.01.01', NULL, NULL),
(50, '1.3.2.01.01.05', 'HAULER', 6, '1.3.2.01.01', NULL, NULL),
(51, '1.3.2.01.01.06', 'ASPHALT EQUIPMENT', 6, '1.3.2.01.01', NULL, NULL),
(52, '1.3.2.01.01.07', 'COMPACTING EQUIPMENT', 6, '1.3.2.01.01', NULL, NULL),
(53, '1.3.2.01.01.08', 'AGGREGATE AND CONCRETE EQUIPMENT', 6, '1.3.2.01.01', NULL, NULL),
(54, '1.3.2.01.01.09', 'LOADER', 6, '1.3.2.01.01', NULL, NULL),
(55, '1.3.2.01.01.10', 'ALAT PENGANGKAT', 6, '1.3.2.01.01', NULL, NULL),
(56, '1.3.2.01.01.11', 'MESIN PROSES', 6, '1.3.2.01.01', NULL, NULL),
(57, '1.3.2.01.01.12', 'ALAT BESAR DARAT LAINNYA', 6, '1.3.2.01.01', NULL, NULL),
(58, '1.3.2.01.02', 'ALAT BESAR APUNG', 5, '1.3.2.01', NULL, NULL),
(59, '1.3.2.01.02.01', 'DREDGER', 6, '1.3.2.01.02', NULL, NULL),
(60, '1.3.2.01.02.02', 'FLOATING EXCAVATOR', 6, '1.3.2.01.02', NULL, NULL),
(61, '1.3.2.01.02.03', 'AMPHIBI DREDGER', 6, '1.3.2.01.02', NULL, NULL),
(62, '1.3.2.01.02.04', 'KAPAL TARIK', 6, '1.3.2.01.02', NULL, NULL),
(63, '1.3.2.01.02.05', 'MESIN PROSES APUNG', 6, '1.3.2.01.02', NULL, NULL),
(64, '1.3.2.01.02.06', 'ALAT BESAR APUNG LAINNYA', 6, '1.3.2.01.02', NULL, NULL),
(65, '1.3.2.01.03', 'ALAT BANTU', 5, '1.3.2.01', NULL, NULL),
(66, '1.3.2.01.03.01', 'ALAT PENARIK', 6, '1.3.2.01.03', NULL, NULL),
(67, '1.3.2.01.03.02', 'FEEDER', 6, '1.3.2.01.03', NULL, NULL),
(68, '1.3.2.01.03.03', 'COMPRESSOR', 6, '1.3.2.01.03', NULL, NULL),
(69, '1.3.2.01.03.04', 'ELECTRIC GENERATING SET', 6, '1.3.2.01.03', NULL, NULL),
(70, '1.3.2.01.03.05', 'POMPA', 6, '1.3.2.01.03', NULL, NULL),
(71, '1.3.2.01.03.06', 'MESIN BOR', 6, '1.3.2.01.03', NULL, NULL),
(72, '1.3.2.01.03.07', 'UNIT PEMELIHARAAN LAPANGAN', 6, '1.3.2.01.03', NULL, NULL),
(73, '1.3.2.01.03.08', 'ALAT PENGOLAHAN AIR KOTOR', 6, '1.3.2.01.03', NULL, NULL),
(74, '1.3.2.01.03.09', 'PEMBANGKIT UAP AIR PANAS/STEAM GENERATOR', 6, '1.3.2.01.03', NULL, NULL),
(75, '1.3.2.01.03.10', 'EQUIPMENT/ALAT BANTU', 6, '1.3.2.01.03', NULL, NULL),
(76, '1.3.2.01.03.11', 'MESIN TATOO', 6, '1.3.2.01.03', NULL, NULL),
(77, '1.3.2.01.03.12', 'PERLENGKAPAN KEBAKARAN HUTAN', 6, '1.3.2.01.03', NULL, NULL),
(78, '1.3.2.01.03.13', 'PERALATAN SELAM', 6, '1.3.2.01.03', NULL, NULL),
(79, '1.3.2.01.03.14', 'PERALATAN SAR MOUNTENERING', 6, '1.3.2.01.03', NULL, NULL),
(80, '1.3.2.01.03.15', 'PERALATAN INTELEJEN', 6, '1.3.2.01.03', NULL, NULL),
(81, '1.3.2.01.03.16', 'ALAT BANTU LAINNYA', 6, '1.3.2.01.03', NULL, NULL),
(82, '1.3.2.02', 'ALAT ANGKUTAN', 4, '1.3.2', NULL, NULL),
(83, '1.3.2.02.01', 'ALAT ANGKUTAN DARAT BERMOTOR', 5, '1.3.2.02', NULL, NULL),
(84, '1.3.2.02.01.01', 'KENDARAAN DINAS BERMOTOR PERORANGAN', 6, '1.3.2.02.01', NULL, NULL),
(85, '1.3.2.02.01.02', 'KENDARAAN BERMOTOR PENUMPANG', 6, '1.3.2.02.01', NULL, NULL),
(86, '1.3.2.02.01.03', 'KENDARAAN BERMOTOR ANGKUTAN BARANG', 6, '1.3.2.02.01', NULL, NULL),
(87, '1.3.2.02.01.04', 'KENDARAAN BERMOTOR BERODA DUA', 6, '1.3.2.02.01', NULL, NULL),
(88, '1.3.2.02.01.05', 'KENDARAAN BERMOTOR BERODA TIGA', 6, '1.3.2.02.01', NULL, NULL),
(89, '1.3.2.02.01.06', 'KENDARAAN BERMOTOR KHUSUS', 6, '1.3.2.02.01', NULL, NULL),
(90, '1.3.2.02.01.07', 'KENDARAAN TEMPUR', 6, '1.3.2.02.01', NULL, NULL),
(91, '1.3.2.02.01.08', 'ALAT ANGKUTAN KERETA REL', 6, '1.3.2.02.01', NULL, NULL),
(92, '1.3.2.02.01.09', 'ALAT ANGKUTAN DARAT BERMOTOR LAINNYA', 6, '1.3.2.02.01', NULL, NULL),
(93, '1.3.2.02.02', 'ALAT ANGKUTAN DARAT TAK BERMOTOR', 5, '1.3.2.02', NULL, NULL),
(94, '1.3.2.02.02.01', 'KENDARAAN TAK BERMOTOR ANGKUTAN BARANG', 6, '1.3.2.02.02', NULL, NULL),
(95, '1.3.2.02.02.02', 'KENDARAAN TAK BERMOTOR PENUMPANG', 6, '1.3.2.02.02', NULL, NULL),
(96, '1.3.2.02.02.03', 'ALAT ANGKUTAN KERETA REL TAK BERMOTOR', 6, '1.3.2.02.02', NULL, NULL),
(97, '1.3.2.02.02.04', 'ALAT ANGKUTAN DARAT TAK BEMOTOR LAINNYA', 6, '1.3.2.02.02', NULL, NULL),
(98, '1.3.2.02.03', 'ALAT ANGKUTAN APUNG BERMOTOR', 5, '1.3.2.02', NULL, NULL),
(99, '1.3.2.02.03.01', 'ALAT ANGKUTAN APUNG BERMOTOR UNTUK BARANG', 6, '1.3.2.02.03', NULL, NULL),
(100, '1.3.2.02.03.02', 'ALAT ANGKUTAN APUNG BERMOTOR UNTUK PENUMPANG', 6, '1.3.2.02.03', NULL, NULL),
(101, '1.3.2.02.03.03', 'ALAT ANGKUTAN APUNG BERMOTOR KHUSUS', 6, '1.3.2.02.03', NULL, NULL),
(102, '1.3.2.02.03.04', 'ALAT ANGKUTAN APUNG BERMOTOR MILITER', 6, '1.3.2.02.03', NULL, NULL),
(103, '1.3.2.02.03.05', 'ALAT ANGKUTAN APUNG BERMOTOR LAINNYA', 6, '1.3.2.02.03', NULL, NULL),
(104, '1.3.2.02.04', 'ALAT ANGKUTAN APUNG TAK BERMOTOR', 5, '1.3.2.02', NULL, NULL),
(105, '1.3.2.02.04.01', 'ALAT ANGKUTAN APUNG TAK BERMOTOR UNTUK BARANG', 6, '1.3.2.02.04', NULL, NULL),
(106, '1.3.2.02.04.02', 'ALAT ANGKUTAN APUNG TAK BERMOTOR UNTUK PENUMPANG', 6, '1.3.2.02.04', NULL, NULL),
(107, '1.3.2.02.04.03', 'ALAT ANGKUTAN APUNG TAK BERMOTOR KHUSUS', 6, '1.3.2.02.04', NULL, NULL),
(108, '1.3.2.02.04.04', 'ALAT ANGKUTAN APUNG TAK BERMOTOR LAINNYA', 6, '1.3.2.02.04', NULL, NULL),
(109, '1.3.2.02.05', 'ALAT ANGKUTAN BERMOTOR UDARA', 5, '1.3.2.02', NULL, NULL),
(110, '1.3.2.02.05.01', 'KAPAL TERBANG', 6, '1.3.2.02.05', NULL, NULL),
(111, '1.3.2.02.05.02', 'ALAT ANGKUTAN TAK BERMOTOR UDARA LAINNYA', 6, '1.3.2.02.05', NULL, NULL),
(112, '1.3.2.03', 'ALAT BENGKEL DAN ALAT UKUR', 4, '1.3.2', NULL, NULL),
(113, '1.3.2.03.01', 'ALAT BENGKEL BERMESIN', 5, '1.3.2.03', NULL, NULL),
(114, '1.3.2.03.01.01', 'PERKAKAS KONSTRUKSI LOGAM TERPASANG PADA PONDASI', 6, '1.3.2.03.01', NULL, NULL),
(115, '1.3.2.03.01.02', 'PERKAKAS KONSTRUKSI LOGAM YANG TRANSPORTABLE (BERPINDAH)', 6, '1.3.2.03.01', NULL, NULL),
(116, '1.3.2.03.01.03', 'PERKAKAS BENGKEL LISTRIK', 6, '1.3.2.03.01', NULL, NULL),
(117, '1.3.2.03.01.04', 'PERKAKAS BENGKEL SERVICE', 6, '1.3.2.03.01', NULL, NULL),
(118, '1.3.2.03.01.05', 'PERKAKAS PENGANGKAT BERMESIN', 6, '1.3.2.03.01', NULL, NULL),
(119, '1.3.2.03.01.06', 'PERKAKAS BENGKEL KAYU', 6, '1.3.2.03.01', NULL, NULL),
(120, '1.3.2.03.01.07', 'PERKAKAS BENGKEL KHUSUS', 6, '1.3.2.03.01', NULL, NULL),
(121, '1.3.2.03.01.08', 'PERALATAN LAS', 6, '1.3.2.03.01', NULL, NULL),
(122, '1.3.2.03.01.09', 'PERKAKAS PABRIK ES', 6, '1.3.2.03.01', NULL, NULL),
(123, '1.3.2.03.01.10', 'ALAT BENGKEL BERMESIN LAINNYA', 6, '1.3.2.03.01', NULL, NULL),
(124, '1.3.2.03.02', 'ALAT BENGKEL TAK BERMESIN', 5, '1.3.2.03', NULL, NULL),
(125, '1.3.2.03.02.01', 'PERKAKAS BENGKEL KONSTRUKSI LOGAM', 6, '1.3.2.03.02', NULL, NULL),
(126, '1.3.2.03.02.02', 'PERKAKAS BENGKEL LISTRIK', 6, '1.3.2.03.02', NULL, NULL),
(127, '1.3.2.03.02.03', 'PERKAKAS BENGKEL SERVICE', 6, '1.3.2.03.02', NULL, NULL),
(128, '1.3.2.03.02.04', 'PERKAKAS PENGANGKAT', 6, '1.3.2.03.02', NULL, NULL),
(129, '1.3.2.03.02.05', 'PERKAKAS STANDARD (STANDARD TOOLS)', 6, '1.3.2.03.02', NULL, NULL),
(130, '1.3.2.03.02.06', 'PERKAKAS KHUSUS (SPECIAL TOOLS)', 6, '1.3.2.03.02', NULL, NULL),
(131, '1.3.2.03.02.07', 'PERKAKAS BENGKEL KERJA', 6, '1.3.2.03.02', NULL, NULL),
(132, '1.3.2.03.02.08', 'PERALATAN TUKANG BESI', 6, '1.3.2.03.02', NULL, NULL),
(133, '1.3.2.03.02.09', 'PERALATAN TUKANG KAYU', 6, '1.3.2.03.02', NULL, NULL),
(134, '1.3.2.03.02.10', 'PERALATAN TUKANG KULIT', 6, '1.3.2.03.02', NULL, NULL),
(135, '1.3.2.03.02.11', 'PERALATAN UKUR, GIP DAN FEETING', 6, '1.3.2.03.02', NULL, NULL),
(136, '1.3.2.03.02.12', 'PERALATAN BENGKEL KHUSUS PELADAM', 6, '1.3.2.03.02', NULL, NULL),
(137, '1.3.2.03.02.13', 'ALAT BENGKEL TAK BERMESIN LAINNYA', 6, '1.3.2.03.02', NULL, NULL),
(138, '1.3.2.03.03', 'ALAT UKUR', 5, '1.3.2.03', NULL, NULL),
(139, '1.3.2.03.03.01', 'ALAT UKUR UNIVERSAL', 6, '1.3.2.03.03', NULL, NULL),
(140, '1.3.2.03.03.02', 'ALAT UKUR/TEST INTELEGENSIA', 6, '1.3.2.03.03', NULL, NULL),
(141, '1.3.2.03.03.03', 'ALAT UKUR/TEST ALAT KEPRIBADIAN', 6, '1.3.2.03.03', NULL, NULL),
(142, '1.3.2.03.03.04', 'ALAT UKUR/TEST KLINIS LAIN', 6, '1.3.2.03.03', NULL, NULL),
(143, '1.3.2.03.03.05', 'ALAT KALIBRASI', 6, '1.3.2.03.03', NULL, NULL),
(144, '1.3.2.03.03.06', 'OSCILLOSCOPE', 6, '1.3.2.03.03', NULL, NULL),
(145, '1.3.2.03.03.07', 'UNIVERSAL TESTER', 6, '1.3.2.03.03', NULL, NULL),
(146, '1.3.2.03.03.08', 'ALAT UKUR/PEMBANDING', 6, '1.3.2.03.03', NULL, NULL),
(147, '1.3.2.03.03.09', 'ALAT UKUR LAIN-LAIN', 6, '1.3.2.03.03', NULL, NULL),
(148, '1.3.2.03.03.10', 'ALAT TIMBANGAN/BIARA', 6, '1.3.2.03.03', NULL, NULL),
(149, '1.3.2.03.03.11', 'ANAK TIMBANGAN/BIARA', 6, '1.3.2.03.03', NULL, NULL),
(150, '1.3.2.03.03.12', 'TAKARAN KERING', 6, '1.3.2.03.03', NULL, NULL),
(151, '1.3.2.03.03.13', 'TAKARAN BAHAN BANGUNAN', 6, '1.3.2.03.03', NULL, NULL),
(152, '1.3.2.03.03.14', 'TAKARAN LAINNYA', 6, '1.3.2.03.03', NULL, NULL),
(153, '1.3.2.03.03.15', 'ALAT PENGUJI KENDARAAN BERMOTOR', 6, '1.3.2.03.03', NULL, NULL),
(154, '1.3.2.03.03.16', 'SPECIFIC SET', 6, '1.3.2.03.03', NULL, NULL),
(155, '1.3.2.03.03.17', 'ALAT PENGUKUR KEADAAN ALAM', 6, '1.3.2.03.03', NULL, NULL),
(156, '1.3.2.03.03.18', 'ALAT PENGUKUR PENGLIHATAN', 6, '1.3.2.03.03', NULL, NULL),
(157, '1.3.2.03.03.19', 'ALAT PENGUKUR KETEPATAN DAN KOREKSI WAKTU', 6, '1.3.2.03.03', NULL, NULL),
(158, '1.3.2.03.03.20', 'ALAT UKUR INSTRUMENT WORKSHOP', 6, '1.3.2.03.03', NULL, NULL),
(159, '1.3.2.03.03.21', 'ALAT UKUR LAINNYA', 6, '1.3.2.03.03', NULL, NULL),
(160, '1.3.2.04', 'ALAT PERTANIAN', 4, '1.3.2', NULL, NULL),
(161, '1.3.2.04.01', 'ALAT PENGOLAHAN', 5, '1.3.2.04', NULL, NULL),
(162, '1.3.2.04.01.01', 'ALAT PENGOLAHAN TANAH DAN TANAMAN', 6, '1.3.2.04.01', NULL, NULL),
(163, '1.3.2.04.01.02', 'ALAT PEMELIHARAAN TANAMAN/IKAN/TERNAK', 6, '1.3.2.04.01', NULL, NULL),
(164, '1.3.2.04.01.03', 'ALAT PANEN', 6, '1.3.2.04.01', NULL, NULL),
(165, '1.3.2.04.01.04', 'ALAT PENYIMPAN HASIL PERCOBAAN PERTANIAN', 6, '1.3.2.04.01', NULL, NULL),
(166, '1.3.2.04.01.05', 'ALAT LABORATORIUM PERTANIAN', 6, '1.3.2.04.01', NULL, NULL),
(167, '1.3.2.04.01.06', 'ALAT PROSESING', 6, '1.3.2.04.01', NULL, NULL),
(168, '1.3.2.04.01.07', 'ALAT PASCA PANEN', 6, '1.3.2.04.01', NULL, NULL),
(169, '1.3.2.04.01.08', 'ALAT PRODUKSI PERIKANAN', 6, '1.3.2.04.01', NULL, NULL),
(170, '1.3.2.04.01.09', 'ALAT-ALAT PETERNAKAN', 6, '1.3.2.04.01', NULL, NULL),
(171, '1.3.2.04.01.10', 'ALAT PENGOLAHAN LAINNYA', 6, '1.3.2.04.01', NULL, NULL),
(172, '1.3.2.05', 'ALAT KANTOR DAN RUMAH TANGGA', 4, '1.3.2', NULL, NULL),
(173, '1.3.2.05.01', 'ALAT KANTOR', 5, '1.3.2.05', NULL, NULL),
(174, '1.3.2.05.01.01', 'MESIN KETIK', 6, '1.3.2.05.01', NULL, NULL),
(175, '1.3.2.05.01.02', 'MESIN HITUNG/MESIN JUMLAH', 6, '1.3.2.05.01', NULL, NULL),
(176, '1.3.2.05.01.03', 'ALAT REPRODUKSI (PENGGANDAAN)', 6, '1.3.2.05.01', NULL, NULL),
(177, '1.3.2.05.01.04', 'ALAT PENYIMPAN PERLENGKAPAN KANTOR', 6, '1.3.2.05.01', NULL, NULL),
(178, '1.3.2.05.01.05', 'ALAT KANTOR LAINNYA', 6, '1.3.2.05.01', NULL, NULL),
(179, '1.3.2.05.02', 'ALAT RUMAH TANGGA', 5, '1.3.2.05', NULL, NULL),
(180, '1.3.2.05.02.01', 'MEUBELAIR', 6, '1.3.2.05.02', NULL, NULL),
(181, '1.3.2.05.02.02', 'ALAT PENGUKUR WAKTU', 6, '1.3.2.05.02', NULL, NULL),
(182, '1.3.2.05.02.03', 'ALAT PEMBERSIH', 6, '1.3.2.05.02', NULL, NULL),
(183, '1.3.2.05.02.04', 'ALAT PENDINGIN', 6, '1.3.2.05.02', NULL, NULL),
(184, '1.3.2.05.02.05', 'ALAT DAPUR', 6, '1.3.2.05.02', NULL, NULL),
(185, '1.3.2.05.02.06', 'ALAT RUMAH TANGGA LAINNYA (HOME USE)', 6, '1.3.2.05.02', NULL, NULL),
(186, '1.3.2.05.02.07', 'ALAT PEMADAM KEBAKARAN', 6, '1.3.2.05.02', NULL, NULL),
(187, '1.3.2.05.03', 'MEJA DAN KURSI KERJA/RAPAT PEJABAT', 5, '1.3.2.05', NULL, NULL),
(188, '1.3.2.05.03.01', 'MEJA KERJA PEJABAT', 6, '1.3.2.05.03', NULL, NULL),
(189, '1.3.2.05.03.02', 'MEJA RAPAT PEJABAT', 6, '1.3.2.05.03', NULL, NULL),
(190, '1.3.2.05.03.03', 'KURSI KERJA PEJABAT', 6, '1.3.2.05.03', NULL, NULL),
(191, '1.3.2.05.03.04', 'KURSI RAPAT PEJABAT', 6, '1.3.2.05.03', NULL, NULL),
(192, '1.3.2.05.03.05', 'KURSI HADAP DEPAN MEJA KERJA PEJABAT', 6, '1.3.2.05.03', NULL, NULL),
(193, '1.3.2.05.03.06', 'KURSI TAMU DI RUANGAN PEJABAT', 6, '1.3.2.05.03', NULL, NULL),
(194, '1.3.2.05.03.07', 'LEMARI DAN ARSIP PEJABAT', 6, '1.3.2.05.03', NULL, NULL),
(195, '1.3.2.06', 'ALAT STUDIO, KOMUNIKASI DAN PEMANCAR', 4, '1.3.2', NULL, NULL),
(196, '1.3.2.06.01', 'ALAT STUDIO', 5, '1.3.2.06', NULL, NULL),
(197, '1.3.2.06.01.01', 'PERALATAN STUDIO AUDIO', 6, '1.3.2.06.01', NULL, NULL),
(198, '1.3.2.06.01.02', 'PERALATAN STUDIO VIDEO DAN FILM', 6, '1.3.2.06.01', NULL, NULL),
(199, '1.3.2.06.01.03', 'PERALATAN STUDIO GAMBAR', 6, '1.3.2.06.01', NULL, NULL),
(200, '1.3.2.06.01.04', 'PERALATAN CETAK', 6, '1.3.2.06.01', NULL, NULL),
(201, '1.3.2.06.01.05', 'PERALATAN STUDIO PEMETAAN/PERALATAN UKUR TANAH', 6, '1.3.2.06.01', NULL, NULL),
(202, '1.3.2.06.01.06', 'ALAT STUDIO LAINNYA', 6, '1.3.2.06.01', NULL, NULL),
(203, '1.3.2.06.02', 'ALAT KOMUNIKASI', 5, '1.3.2.06', NULL, NULL),
(204, '1.3.2.06.02.01', 'ALAT KOMUNIKASI TELEPHONE', 6, '1.3.2.06.02', NULL, NULL),
(205, '1.3.2.06.02.02', 'ALAT KOMUNIKASI RADIO SSB', 6, '1.3.2.06.02', NULL, NULL),
(206, '1.3.2.06.02.03', 'ALAT KOMUNIKASI RADIO HF/FM', 6, '1.3.2.06.02', NULL, NULL),
(207, '1.3.2.06.02.04', 'ALAT KOMUNIKASI RADIO VHF', 6, '1.3.2.06.02', NULL, NULL),
(208, '1.3.2.06.02.05', 'ALAT KOMUNIKASI RADIO UHF', 6, '1.3.2.06.02', NULL, NULL),
(209, '1.3.2.06.02.06', 'ALAT KOMUNIKASI SOSIAL', 6, '1.3.2.06.02', NULL, NULL),
(210, '1.3.2.06.02.07', 'ALAT-ALAT SANDI', 6, '1.3.2.06.02', NULL, NULL),
(211, '1.3.2.06.02.08', 'ALAT KOMUNIKASI KHUSUS', 6, '1.3.2.06.02', NULL, NULL),
(212, '1.3.2.06.02.09', 'ALAT KOMUNIKASI DIGITAL DAN KONVENSIONAL', 6, '1.3.2.06.02', NULL, NULL),
(213, '1.3.2.06.02.10', 'ALAT KOMUNIKASI SATELIT', 6, '1.3.2.06.02', NULL, NULL),
(214, '1.3.2.06.02.11', 'ALAT KOMUNIKASI LAINNYA', 6, '1.3.2.06.02', NULL, NULL),
(215, '1.3.2.06.03', 'PERALATAN PEMANCAR', 5, '1.3.2.06', NULL, NULL),
(216, '1.3.2.06.03.01', 'PERALATAN PEMANCAR MF/MW', 6, '1.3.2.06.03', NULL, NULL),
(217, '1.3.2.06.03.02', 'PERALATAN PEMANCAR HF/SW', 6, '1.3.2.06.03', NULL, NULL),
(218, '1.3.2.06.03.03', 'PERALATAN PEMANCAR VHF/FM', 6, '1.3.2.06.03', NULL, NULL),
(219, '1.3.2.06.03.04', 'PERALATAN PEMANCAR UHF', 6, '1.3.2.06.03', NULL, NULL),
(220, '1.3.2.06.03.05', 'PERALATAN PEMANCAR SHF', 6, '1.3.2.06.03', NULL, NULL),
(221, '1.3.2.06.03.06', 'PERALATAN ANTENA MF/MW', 6, '1.3.2.06.03', NULL, NULL),
(222, '1.3.2.06.03.07', 'PERALATAN ANTENA HF/SW', 6, '1.3.2.06.03', NULL, NULL),
(223, '1.3.2.06.03.08', 'PERALATAN ANTENA VHF/FM', 6, '1.3.2.06.03', NULL, NULL),
(224, '1.3.2.06.03.09', 'PERALATAN ANTENA UHF', 6, '1.3.2.06.03', NULL, NULL),
(225, '1.3.2.06.03.10', 'PEERALATAN ANTENA SHF/PARABOLA', 6, '1.3.2.06.03', NULL, NULL),
(226, '1.3.2.06.03.11', 'PERALATAN TRANSLATOR VHF/VHF', 6, '1.3.2.06.03', NULL, NULL),
(227, '1.3.2.06.03.12', 'PERALATAN TRANSLATOR UHF/UHF', 6, '1.3.2.06.03', NULL, NULL),
(228, '1.3.2.06.03.13', 'PERALATAN TRANSLATOR VHF/UHF', 6, '1.3.2.06.03', NULL, NULL),
(229, '1.3.2.06.03.14', 'PERALATAN TRANSLATOR UHF/VHF', 6, '1.3.2.06.03', NULL, NULL),
(230, '1.3.2.06.03.15', 'PERALATAN MICROWAVE F P U', 6, '1.3.2.06.03', NULL, NULL),
(231, '1.3.2.06.03.16', 'PERALATAN MICROWAVE TERESTRIAL', 6, '1.3.2.06.03', NULL, NULL),
(232, '1.3.2.06.03.17', 'PERALATAN MICROWAVE TVRO', 6, '1.3.2.06.03', NULL, NULL),
(233, '1.3.2.06.03.18', 'PERALATAN DUMMY LOAD', 6, '1.3.2.06.03', NULL, NULL),
(234, '1.3.2.06.03.19', 'SWITCHER ANTENA', 6, '1.3.2.06.03', NULL, NULL),
(235, '1.3.2.06.03.20', 'SWITCHER/MENARA ANTENA', 6, '1.3.2.06.03', NULL, NULL),
(236, '1.3.2.06.03.21', 'FEEDER', 6, '1.3.2.06.03', NULL, NULL),
(237, '1.3.2.06.03.22', 'HUMIDITY CONTROL', 6, '1.3.2.06.03', NULL, NULL),
(238, '1.3.2.06.03.23', 'PROGRAM INPUT EQUIPMENT', 6, '1.3.2.06.03', NULL, NULL),
(239, '1.3.2.06.03.24', 'PERALATAN ANTENA PENERIMA VHF', 6, '1.3.2.06.03', NULL, NULL),
(240, '1.3.2.06.03.25', 'PERALATAN PEMANCAR LF', 6, '1.3.2.06.03', NULL, NULL),
(241, '1.3.2.06.03.26', 'UNIT PEMANCAR MF+HF', 6, '1.3.2.06.03', NULL, NULL),
(242, '1.3.2.06.03.27', 'PERALATAN ANTENA PEMANCAR MF+HF', 6, '1.3.2.06.03', NULL, NULL),
(243, '1.3.2.06.03.28', 'PERALATAN PENERIMA', 6, '1.3.2.06.03', NULL, NULL),
(244, '1.3.2.06.03.29', 'PERALATAN PEMANCAR DAN PENERIMA LF', 6, '1.3.2.06.03', NULL, NULL),
(245, '1.3.2.06.03.30', 'PERALATAN PEMANCAR DAN PENERIMA MF', 6, '1.3.2.06.03', NULL, NULL),
(246, '1.3.2.06.03.31', 'PERALATAN PEMANCAR DAN PENERIMA HF', 6, '1.3.2.06.03', NULL, NULL),
(247, '1.3.2.06.03.32', 'PERALATAN PEMANCAR DAN PENERIMA MF+HF', 6, '1.3.2.06.03', NULL, NULL),
(248, '1.3.2.06.03.33', 'PERALATAN PEMANCAR DAN PENERIMA VHF', 6, '1.3.2.06.03', NULL, NULL),
(249, '1.3.2.06.03.34', 'PERALATAN PEMANCAR DAN PENERIMA UHF', 6, '1.3.2.06.03', NULL, NULL),
(250, '1.3.2.06.03.35', 'PERALATAN PEMANCAR DAN PENERIMA SHF', 6, '1.3.2.06.03', NULL, NULL),
(251, '1.3.2.06.03.36', 'PERALATAN ANTENA PEMANCAR DAN PENERIMA LF', 6, '1.3.2.06.03', NULL, NULL),
(252, '1.3.2.06.03.37', 'PERALATAN ANTENA PEMANCAR DAN PENERIMA MF', 6, '1.3.2.06.03', NULL, NULL),
(253, '1.3.2.06.03.38', 'PERALATAN ANTENA PEMANCAR DAN PENERIMA HF', 6, '1.3.2.06.03', NULL, NULL),
(254, '1.3.2.06.03.39', 'PERALATAN ANTENA PEMANCAR DAN PENERIMA MF+HF', 6, '1.3.2.06.03', NULL, NULL),
(255, '1.3.2.06.03.40', 'PERALATAN ANTENA PEMANCAR DAN PENERIMA VHF', 6, '1.3.2.06.03', NULL, NULL),
(256, '1.3.2.06.03.41', 'PERALATAN ANTENA PEMANCAR DAN PENERIMA UHF', 6, '1.3.2.06.03', NULL, NULL),
(257, '1.3.2.06.03.42', 'PERALATAN ANTENA PEMANCAR DAN PENERIMASHF', 6, '1.3.2.06.03', NULL, NULL),
(258, '1.3.2.06.03.43', 'PERALATAN PENERIMA CUACA CITRA SATELITE RESOLUSI RENDAH', 6, '1.3.2.06.03', NULL, NULL),
(259, '1.3.2.06.03.44', 'PERALATAN PENERIMA CUACA CITRA SATELITE RESOLUSI TINGGI', 6, '1.3.2.06.03', NULL, NULL),
(260, '1.3.2.06.03.45', 'PERALATAN PENERIMA DAN PENGIRIM GAMBAR KE PERMUKAAN', 6, '1.3.2.06.03', NULL, NULL),
(261, '1.3.2.06.03.46', 'PERALATAN PERLENGKAPAN RADIO', 6, '1.3.2.06.03', NULL, NULL),
(262, '1.3.2.06.03.47', 'SUMBER TENAGA', 6, '1.3.2.06.03', NULL, NULL),
(263, '1.3.2.06.03.48', 'PERALATAN PEMANCAR LAINNYA', 6, '1.3.2.06.03', NULL, NULL),
(264, '1.3.2.06.04', 'PERALATAN KOMUNIKASI NAVIGASI', 5, '1.3.2.06', NULL, NULL),
(265, '1.3.2.06.04.01', 'PERALATAN KOMUNIKASI NAVIGASI INSTRUMEN LANDING SYSTEM', 6, '1.3.2.06.04', NULL, NULL),
(266, '1.3.2.06.04.02', 'VERY HIGH FREQUENCE OMNI RANGE (VOR)', 6, '1.3.2.06.04', NULL, NULL),
(267, '1.3.2.06.04.03', 'DISTANCE MEASURING EQUIPMENT (DME)', 6, '1.3.2.06.04', NULL, NULL),
(268, '1.3.2.06.04.04', 'RADAR', 6, '1.3.2.06.04', NULL, NULL),
(269, '1.3.2.06.04.05', 'ALAT PANGATUR TELEKOMUNIKASI', 6, '1.3.2.06.04', NULL, NULL),
(270, '1.3.2.06.04.06', 'PERALATAN KOMUNIKASI UNTUK DOKUMENTASI', 6, '1.3.2.06.04', NULL, NULL),
(271, '1.3.2.06.04.07', 'PERALATAN KOMUNIKASI NAVIGASI LAINNYA', 6, '1.3.2.06.04', NULL, NULL),
(272, '1.3.2.07', 'ALAT KEDOKTERAN DAN KESEHATAN', 4, '1.3.2', NULL, NULL),
(273, '1.3.2.07.01', 'ALAT KEDOKTERAN', 5, '1.3.2.07', NULL, NULL),
(274, '1.3.2.07.01.01', 'ALAT KEDOKTERAN UMUM', 6, '1.3.2.07.01', NULL, NULL),
(275, '1.3.2.07.01.02', 'ALAT KEDOKTERAN GIGI', 6, '1.3.2.07.01', NULL, NULL),
(276, '1.3.2.07.01.03', 'ALAT KEDOKTERAN KELUARGA BERENCANA', 6, '1.3.2.07.01', NULL, NULL),
(277, '1.3.2.07.01.04', 'ALAT KEDOKTERAN BEDAH', 6, '1.3.2.07.01', NULL, NULL),
(278, '1.3.2.07.01.05', 'ALAT KESEHATAN KEBIDANAN DAN PENYAKIT KANDUNGAN', 6, '1.3.2.07.01', NULL, NULL),
(279, '1.3.2.07.01.06', 'ALAT KEDOKTERAN THT', 6, '1.3.2.07.01', NULL, NULL),
(280, '1.3.2.07.01.07', 'ALAT KEDOKTERAN MATA', 6, '1.3.2.07.01', NULL, NULL),
(281, '1.3.2.07.01.08', 'ALAT KEDOKTERAN BAGIAN PENYAKIT DALAM', 6, '1.3.2.07.01', NULL, NULL),
(282, '1.3.2.07.01.09', 'ALAT KEDOKTERAN KAMAR JENASAH/MORTUARY', 6, '1.3.2.07.01', NULL, NULL),
(283, '1.3.2.07.01.10', 'ALAT KEDOKTERAN ANAK', 6, '1.3.2.07.01', NULL, NULL),
(284, '1.3.2.07.01.11', 'ALAT KEDOKTERAN POLIKLINIK', 6, '1.3.2.07.01', NULL, NULL),
(285, '1.3.2.07.01.12', 'ALAT KESEHATAN REHABILITASI MEDIS', 6, '1.3.2.07.01', NULL, NULL),
(286, '1.3.2.07.01.13', 'ALAT KEDOKTERAN NEUROLOGI (SYARAF)', 6, '1.3.2.07.01', NULL, NULL),
(287, '1.3.2.07.01.14', 'ALAT KEDOKTERAN JANTUNG', 6, '1.3.2.07.01', NULL, NULL),
(288, '1.3.2.07.01.15', 'ALAT KEDOKTERAN RADIODIAGNOSTIC', 6, '1.3.2.07.01', NULL, NULL),
(289, '1.3.2.07.01.16', 'ALAT KEDOKTERAN PATALOGI ANATOMY', 6, '1.3.2.07.01', NULL, NULL),
(290, '1.3.2.07.01.17', 'ALAT KEDOKTERAN TRANSFUSI DARAH', 6, '1.3.2.07.01', NULL, NULL),
(291, '1.3.2.07.01.18', 'ALAT KEDOKTERAN RADIOTERAPY', 6, '1.3.2.07.01', NULL, NULL),
(292, '1.3.2.07.01.19', 'ALAT KEDOKTERAN NUKLIR', 6, '1.3.2.07.01', NULL, NULL),
(293, '1.3.2.07.01.20', 'ALAT KEDOKTERAN KULIT DAN KELAMIN', 6, '1.3.2.07.01', NULL, NULL),
(294, '1.3.2.07.01.21', 'ALAT KEDOKTERAN GAWAT DARURAT', 6, '1.3.2.07.01', NULL, NULL),
(295, '1.3.2.07.01.22', 'ALAT KEDOKTERAN JIWA', 6, '1.3.2.07.01', NULL, NULL),
(296, '1.3.2.07.01.23', 'ALAT KEDOKTERAN BEDAH ORTHOPEDI', 6, '1.3.2.07.01', NULL, NULL),
(297, '1.3.2.07.01.24', 'ALAT KEDOKTERAN I C U', 6, '1.3.2.07.01', NULL, NULL),
(298, '1.3.2.07.01.25', 'ALAT KEDOKTERAN I C C U', 6, '1.3.2.07.01', NULL, NULL),
(299, '1.3.2.07.01.26', 'ALAT KEDOKTERAN BEDAH JANTUNG', 6, '1.3.2.07.01', NULL, NULL),
(300, '1.3.2.07.01.27', 'ALAT KEDOKTERAN TRADITIONAL MEDICINE', 6, '1.3.2.07.01', NULL, NULL),
(301, '1.3.2.07.01.28', 'ALAT KEDOKTERAN ANAESTHESI', 6, '1.3.2.07.01', NULL, NULL),
(302, '1.3.2.07.01.29', 'ALAT KEDOKTERAN LAINNYA', 6, '1.3.2.07.01', NULL, NULL),
(303, '1.3.2.07.02', 'ALAT KESEHATAN UMUM', 5, '1.3.2.07', NULL, NULL),
(304, '1.3.2.07.02.01', 'ALAT KESEHATAN MATRA LAUT', 6, '1.3.2.07.02', NULL, NULL),
(305, '1.3.2.07.02.02', 'ALAT KESEHATAN MATRA UDARA', 6, '1.3.2.07.02', NULL, NULL),
(306, '1.3.2.07.02.03', 'ALAT KESEHATAN KEPOLISIAN', 6, '1.3.2.07.02', NULL, NULL),
(307, '1.3.2.07.02.04', 'ALAT KESEHATAN OLAH RAGA', 6, '1.3.2.07.02', NULL, NULL),
(308, '1.3.2.07.02.05', 'ALAT KESEHATAN UMUM LAINNYA', 6, '1.3.2.07.02', NULL, NULL),
(309, '1.3.2.08', 'ALAT LABORATORIUM', 4, '1.3.2', NULL, NULL),
(310, '1.3.2.08.01', 'UNIT ALAT LABORATORIUM', 5, '1.3.2.08', NULL, NULL),
(311, '1.3.2.08.01.01', 'ALAT LABORATORIUM KIMIA AIR TEKNIK PENYEHATAN', 6, '1.3.2.08.01', NULL, NULL),
(312, '1.3.2.08.01.02', 'ALAT LABORATORIUM MICRO BIOLOGI TEKNIK PENYEHATAN', 6, '1.3.2.08.01', NULL, NULL),
(313, '1.3.2.08.01.03', 'ALAT LABORATORIUM HIDROKIMIA', 6, '1.3.2.08.01', NULL, NULL),
(314, '1.3.2.08.01.04', 'ALAT LABORATORIUM MODEL HIDROLIKA', 6, '1.3.2.08.01', NULL, NULL),
(315, '1.3.2.08.01.05', 'ALAT LABORATORIUM BATUAN/GEOLOGI', 6, '1.3.2.08.01', NULL, NULL),
(316, '1.3.2.08.01.06', 'ALAT LABORATORIUM BAHAN BANGUNAN KONSTRUKSI', 6, '1.3.2.08.01', NULL, NULL),
(317, '1.3.2.08.01.07', 'ALAT LABORATORIUM ASPAL, CAT DAN KIMIA', 6, '1.3.2.08.01', NULL, NULL),
(318, '1.3.2.08.01.08', 'ALAT LABORATORIUM MEKANIKA TANAH DAN BATUAN', 6, '1.3.2.08.01', NULL, NULL),
(319, '1.3.2.08.01.09', 'ALAT LABORATORIUM COCOK TANAM', 6, '1.3.2.08.01', NULL, NULL),
(320, '1.3.2.08.01.10', 'ALAT LABORATORIUM LOGAM, MESIN DAN LISTRIK', 6, '1.3.2.08.01', NULL, NULL),
(321, '1.3.2.08.01.11', 'ALAT LABORATORIUM UMUM', 6, '1.3.2.08.01', NULL, NULL),
(322, '1.3.2.08.01.12', 'ALAT LABORATORIUM MICROBIOLOGI', 6, '1.3.2.08.01', NULL, NULL),
(323, '1.3.2.08.01.13', 'ALAT LABORATORIUM KIMIA', 6, '1.3.2.08.01', NULL, NULL),
(324, '1.3.2.08.01.14', 'ALAT LABORATORIUM PATOLOGI', 6, '1.3.2.08.01', NULL, NULL),
(325, '1.3.2.08.01.15', 'ALAT LABORATORIUM IMMUNOLOGI', 6, '1.3.2.08.01', NULL, NULL),
(326, '1.3.2.08.01.16', 'ALAT LABORATORIUM HEMATOLOGI', 6, '1.3.2.08.01', NULL, NULL),
(327, '1.3.2.08.01.17', 'ALAT LABORATORIUM FILM', 6, '1.3.2.08.01', NULL, NULL),
(328, '1.3.2.08.01.18', 'ALAT LABORATORIUM MAKANAN', 6, '1.3.2.08.01', NULL, NULL),
(329, '1.3.2.08.01.19', 'ALAT LABORATORIUM FARMASI', 6, '1.3.2.08.01', NULL, NULL),
(330, '1.3.2.08.01.20', 'ALAT LABORATORIUM FISIKA', 6, '1.3.2.08.01', NULL, NULL),
(331, '1.3.2.08.01.21', 'ALAT LABORATORIUM HIDRODINAMIKA', 6, '1.3.2.08.01', NULL, NULL),
(332, '1.3.2.08.01.22', 'ALAT LABORATORIUM KLIMATOLOGI', 6, '1.3.2.08.01', NULL, NULL),
(333, '1.3.2.08.01.23', 'ALAT LABORATORIUM PROSES PELEBURAN', 6, '1.3.2.08.01', NULL, NULL),
(334, '1.3.2.08.01.24', 'ALAT LABORATORIUM PASIR', 6, '1.3.2.08.01', NULL, NULL),
(335, '1.3.2.08.01.25', 'ALAT LABORATORIUM PROSES PEMBUATAN CEKATAN', 6, '1.3.2.08.01', NULL, NULL),
(336, '1.3.2.08.01.26', 'ALAT LABORATORIUM PEMBUATAN POLA', 6, '1.3.2.08.01', NULL, NULL),
(337, '1.3.2.08.01.27', 'ALAT LABORATORIUM METALOGRAPHY', 6, '1.3.2.08.01', NULL, NULL),
(338, '1.3.2.08.01.28', 'ALAT LABORATORIUM PROSES PENGELASAN', 6, '1.3.2.08.01', NULL, NULL),
(339, '1.3.2.08.01.29', 'ALAT LABORATORIUM UJI PROSES PENGELASAN', 6, '1.3.2.08.01', NULL, NULL),
(340, '1.3.2.08.01.30', 'ALAT LABORATORIUM PROSES PEMBUATAN LOGAM', 6, '1.3.2.08.01', NULL, NULL),
(341, '1.3.2.08.01.31', 'ALAT LABORATORIUM METROLOGIE', 6, '1.3.2.08.01', NULL, NULL),
(342, '1.3.2.08.01.32', 'ALAT LABORATORIUM PELAPISAN LOGAM', 6, '1.3.2.08.01', NULL, NULL),
(343, '1.3.2.08.01.33', 'ALAT LABORATORIUM PROSES PENGOLAHAN PANAS', 6, '1.3.2.08.01', NULL, NULL),
(344, '1.3.2.08.01.34', 'ALAT LABORATORIUM PROSES TEKNOLOGI TEKSTIL', 6, '1.3.2.08.01', NULL, NULL),
(345, '1.3.2.08.01.35', 'ALAT LABORATORIUM UJI TEKSTIL', 6, '1.3.2.08.01', NULL, NULL),
(346, '1.3.2.08.01.36', 'ALAT LABORATORIUM PROSES TEKNOLOGI KERAMIK', 6, '1.3.2.08.01', NULL, NULL),
(347, '1.3.2.08.01.37', 'ALAT LAUURA1URIUM PROSES TEKNOLOGI KULIT, KARET DAN', 6, '1.3.2.08.01', NULL, NULL),
(348, '1.3.2.08.01.38', 'ALAT LABORATORIUM UJI KULIT, KARET DAN PLASTIK', 6, '1.3.2.08.01', NULL, NULL),
(349, '1.3.2.08.01.39', 'ALAT LABORATORIUM UJI KERAMIK', 6, '1.3.2.08.01', NULL, NULL),
(350, '1.3.2.08.01.40', 'ALAT LABORATORIUM PROSES TEKNOLOGI SELULOSA', 6, '1.3.2.08.01', NULL, NULL),
(351, '1.3.2.08.01.41', 'ALAT LABORATORIUM PERTANIAN', 6, '1.3.2.08.01', NULL, NULL),
(352, '1.3.2.08.01.42', 'ALAT LABORATORIUM ELEKTRONIKA DAN DAYA', 6, '1.3.2.08.01', NULL, NULL),
(353, '1.3.2.08.01.43', 'ALAT LABORATORIUM ENERGI SURYA', 6, '1.3.2.08.01', NULL, NULL),
(354, '1.3.2.08.01.44', 'ALAT LABORATORIUM KONVERSI BATUBARA DAN BIOMAS', 6, '1.3.2.08.01', NULL, NULL),
(355, '1.3.2.08.01.45', 'ALAT LABORATORIUM OCEANOGRAFI', 6, '1.3.2.08.01', NULL, NULL),
(356, '1.3.2.08.01.46', 'ALAT LABORATORIUM LINGKUNGAN PERAIRAN', 6, '1.3.2.08.01', NULL, NULL),
(357, '1.3.2.08.01.47', 'ALAT LABORATORIUM BIOLOGI PERAIRAN', 6, '1.3.2.08.01', NULL, NULL),
(358, '1.3.2.08.01.48', 'ALAT LABORATORIUM BIOLOGI', 6, '1.3.2.08.01', NULL, NULL),
(359, '1.3.2.08.01.49', 'ALAT LABORATORIUM GEOFISIKA', 6, '1.3.2.08.01', NULL, NULL),
(360, '1.3.2.08.01.50', 'ALAT LABORATORIUM TAMBANG', 6, '1.3.2.08.01', NULL, NULL),
(361, '1.3.2.08.01.51', 'ALAT LABORATORIUM PROSES/TEKNIK KIMIA', 6, '1.3.2.08.01', NULL, NULL),
(362, '1.3.2.08.01.52', 'ALAT LABORATORIUM PROSES INDUSTRI', 6, '1.3.2.08.01', NULL, NULL),
(363, '1.3.2.08.01.53', 'ALAT LABORATORIUM KESEHATAN KERJA', 6, '1.3.2.08.01', NULL, NULL),
(364, '1.3.2.08.01.54', 'LABORATORIUM KEARSIPAN', 6, '1.3.2.08.01', NULL, NULL),
(365, '1.3.2.08.01.55', 'LABORATORIUM HEMATOLOGI DAN URINALISIS', 6, '1.3.2.08.01', NULL, NULL),
(366, '1.3.2.08.01.56', 'ALAT LABORATORIUM LAIN', 6, '1.3.2.08.01', NULL, NULL),
(367, '1.3.2.08.01.57', 'ALAT LABORATORIUM HERMODINAMIKA MOTOR DAN SISTEM', 6, '1.3.2.08.01', NULL, NULL),
(368, '1.3.2.08.01.58', 'ALAT LABORATORIUM PENDIDIKAN', 6, '1.3.2.08.01', NULL, NULL),
(369, '1.3.2.08.01.59', 'ALAT LABORATORIUM TEKNOLOGI PROSES ENZYM', 6, '1.3.2.08.01', NULL, NULL),
(370, '1.3.2.08.01.60', 'ALAT LABORATORIUM TEKNIK PANTAI', 6, '1.3.2.08.01', NULL, NULL),
(371, '1.3.2.08.01.61', 'ALAT LABORATORIUM SUMBER DAYA DAN ENERGI', 6, '1.3.2.08.01', NULL, NULL),
(372, '1.3.2.08.01.62', 'ALAT LABORATORIUM POPULASI', 6, '1.3.2.08.01', NULL, NULL),
(373, '1.3.2.08.01.63', 'ALAT PENGUKUR GELOMBANG', 6, '1.3.2.08.01', NULL, NULL),
(374, '1.3.2.08.01.64', 'UNIT ALAT LABORATORIUM LAINNYA', 6, '1.3.2.08.01', NULL, NULL),
(375, '1.3.2.08.02', 'UNIT ALAT LABORATORIUM KIMIA NUKLIR', 5, '1.3.2.08', NULL, NULL),
(376, '1.3.2.08.02.01', 'ANALYTICAL INSTRUMENT', 6, '1.3.2.08.02', NULL, NULL),
(377, '1.3.2.08.02.02', 'INSTRUMENT PROBE/SENSOR', 6, '1.3.2.08.02', NULL, NULL),
(378, '1.3.2.08.02.03', 'GENERAL LABORATORY TOOL', 6, '1.3.2.08.02', NULL, NULL),
(379, '1.3.2.08.02.04', 'GLASSWARE PLASTIC/UTENSILS', 6, '1.3.2.08.02', NULL, NULL),
(380, '1.3.2.08.02.05', 'LABORATORY SAFETY EQUIPMENT', 6, '1.3.2.08.02', NULL, NULL),
(381, '1.3.2.08.02.06', 'UNIT ALAT LABORATORIUM KIMIA NUKLIR LAINNYA', 6, '1.3.2.08.02', NULL, NULL),
(382, '1.3.2.08.03', 'ALAT PERAGA PRAKTEK SEKOLAH', 5, '1.3.2.08', NULL, NULL),
(383, '1.3.2.08.03.01', 'ALAT PERAGA PRAKTEK SEKOLAH BIDANG STUDI : BAHASA INDONESIA', 6, '1.3.2.08.03', NULL, NULL),
(384, '1.3.2.08.03.02', 'ALAT PERAGA PRAKTEK SEKOLAH BIDANG STUDI : MATEMATIKA', 6, '1.3.2.08.03', NULL, NULL),
(385, '1.3.2.08.03.03', 'ALAT PERAGA PRAKTEK SEKOLAH BIDANG STUDI : IPA DASAR', 6, '1.3.2.08.03', NULL, NULL),
(386, '1.3.2.08.03.04', 'ALAT PERAGA PRAKTEK SEKOLAH BIDANG STUDI : IPA LANJUTAN', 6, '1.3.2.08.03', NULL, NULL),
(387, '1.3.2.08.03.05', 'ALAT PERAGA PRAKTEK SEKOLAH BIDANG STUDI : IPA MENENGAH', 6, '1.3.2.08.03', NULL, NULL),
(388, '1.3.2.08.03.06', 'ALAT PERAGA PRAKTEK SEKOLAH BIDANG STUDI : IPA ATAS', 6, '1.3.2.08.03', NULL, NULL),
(389, '1.3.2.08.03.07', 'ALAT PERAGA PRAKTEK SEKOLAH BIDANG STUDI : IPS', 6, '1.3.2.08.03', NULL, NULL),
(390, '1.3.2.08.03.08', 'ALAT PERAGA PRAKTEK SEKOLAH BIDANG STUDI : AGAMA', 6, '1.3.2.08.03', NULL, NULL),
(391, '1.3.2.08.03.09', 'ALAT PERAGA PRAKTEK SEKOLAH BIDANG STUDI : KETERAMPILAN', 6, '1.3.2.08.03', NULL, NULL),
(392, '1.3.2.08.03.10', 'ALAT PERAGA PRAKTEK SEKOLAH BIDANG STUDI : KESENIAN', 6, '1.3.2.08.03', NULL, NULL),
(393, '1.3.2.08.03.11', 'ALAT PERAGA PRAKTEK SEKOLAH BIDANG STUDI : OLAH RAGA', 6, '1.3.2.08.03', NULL, NULL),
(394, '1.3.2.08.03.12', 'ALAT PERAGA PRAKTEK SEKOLAH BIDANG STUDI : PKN', 6, '1.3.2.08.03', NULL, NULL),
(395, '1.3.2.08.03.13', 'ALAT PERAGA LUAR BIASA (TUNA NETRA, TERAPI FISIK, TUNA DAKSA,', 6, '1.3.2.08.03', NULL, NULL),
(396, '1.3.2.08.03.14', 'ALAT PERAGA KEJURUAN', 6, '1.3.2.08.03', NULL, NULL),
(397, '1.3.2.08.03.15', 'ALAT PERAGA PAUD/TK', 6, '1.3.2.08.03', NULL, NULL),
(398, '1.3.2.08.03.16', 'ALAT PERAGA PRAKTEK SEKOLAH LAINNYA', 6, '1.3.2.08.03', NULL, NULL),
(399, '1.3.2.08.04', 'ALAT LABORATORIUM FISIKA NUKLIR/ELEKTRONIKA', 5, '1.3.2.08', NULL, NULL),
(400, '1.3.2.08.04.01', 'RADIATION DETECTOR', 6, '1.3.2.08.04', NULL, NULL),
(401, '1.3.2.08.04.02', 'MODULAR COUNTING AND SCIENTIFIC ELECTRONIC', 6, '1.3.2.08.04', NULL, NULL),
(402, '1.3.2.08.04.03', 'ASSEMBLY/COUNTING SYSTEM', 6, '1.3.2.08.04', NULL, NULL),
(403, '1.3.2.08.04.04', 'RECORDER DISPLAY', 6, '1.3.2.08.04', NULL, NULL),
(404, '1.3.2.08.04.05', 'SYSTEM/POWER SUPPLY', 6, '1.3.2.08.04', NULL, NULL),
(405, '1.3.2.08.04.06', 'MEASURING/TESTING DEVICE', 6, '1.3.2.08.04', NULL, NULL),
(406, '1.3.2.08.04.07', 'OPTO ELECTRONICS', 6, '1.3.2.08.04', NULL, NULL),
(407, '1.3.2.08.04.08', 'ACCELERATOR', 6, '1.3.2.08.04', NULL, NULL),
(408, '1.3.2.08.04.09', 'REACTOR EXPERIMENTAL SYSTEM', 6, '1.3.2.08.04', NULL, NULL),
(409, '1.3.2.08.04.10', 'ALAT LABORATORIUM FISIKA NUKLIR/ELEKTRONIKA LAINNYA', 6, '1.3.2.08.04', NULL, NULL),
(410, '1.3.2.08.05', 'ALAT PROTEKSI RADIASI/PROTEKSI LINGKUNGAN', 5, '1.3.2.08', NULL, NULL),
(411, '1.3.2.08.05.01', 'ALAT UKUR FISIKA KESEHATAN', 6, '1.3.2.08.05', NULL, NULL),
(412, '1.3.2.08.05.02', 'ALAT KESEHATAN KERJA', 6, '1.3.2.08.05', NULL, NULL),
(413, '1.3.2.08.05.03', 'PROTEKSI LINGKUNGAN', 6, '1.3.2.08.05', NULL, NULL),
(414, '1.3.2.08.05.04', 'METEOROLOGICAL EQUIPMENT', 6, '1.3.2.08.05', NULL, NULL),
(415, '1.3.2.08.05.05', 'SUMBER RADIASI', 6, '1.3.2.08.05', NULL, NULL),
(416, '1.3.2.08.05.06', 'ALAT PROTEKSI RADIASI/PROTEKSI LINGKUNGAN LAINNYA', 6, '1.3.2.08.05', NULL, NULL),
(417, '1.3.2.08.06', 'DESTRUCTIVE TESTING LABORATORY', 5, '1.3.2.08', NULL, NULL),
(418, '1.3.2.08.06.01', 'RADIATION APPLICATION EQUIPMENT', 6, '1.3.2.08.06', NULL, NULL),
(419, '1.3.2.08.06.02', 'NON DESTRUCTIVE TEST (NDT) DEVICE', 6, '1.3.2.08.06', NULL, NULL),
(420, '1.3.2.08.06.03', 'PERALATAN HIDROLOGI', 6, '1.3.2.08.06', NULL, NULL),
(421, '1.3.2.08.06.04', 'DESTRUCTIVE TESTING LABORATORY', 6, '1.3.2.08.06', NULL, NULL),
(422, '1.3.2.08.07', 'ALAT LABORATORIUM LINGKUNGAN HIDUP', 5, '1.3.2.08', NULL, NULL),
(423, '1.3.2.08.07.01', 'ALAT LABORATORIUM KWALITAS AIR DAN TANAH', 6, '1.3.2.08.07', NULL, NULL),
(424, '1.3.2.08.07.02', 'ALAT LABORATORIUM KWALITAS UDARA', 6, '1.3.2.08.07', NULL, NULL),
(425, '1.3.2.08.07.03', 'ALAT LABORATORIUM KEBISINGAN DAN GETARAN', 6, '1.3.2.08.07', NULL, NULL),
(426, '1.3.2.08.07.04', 'LABORATORIUM LINGKUNGAN', 6, '1.3.2.08.07', NULL, NULL),
(427, '1.3.2.08.07.05', 'ALAT LABORATORIUM PENUNJANG', 6, '1.3.2.08.07', NULL, NULL),
(428, '1.3.2.08.07.06', 'ALAT LABORATORIUM LINGKUNGAN HIDUP LAINNYA', 6, '1.3.2.08.07', NULL, NULL),
(429, '1.3.2.08.08', 'PERALATAN LABORATORIUM HYDRODINAMICA', 5, '1.3.2.08', NULL, NULL),
(430, '1.3.2.08.08.01', 'TOWING CARRIAGE', 6, '1.3.2.08.08', NULL, NULL),
(431, '1.3.2.08.08.02', 'WAVE GENERATOR AND ABSORBER', 6, '1.3.2.08.08', NULL, NULL),
(432, '1.3.2.08.08.03', 'DATA ACCQUISITION AND ANALYZING SYSTEM', 6, '1.3.2.08.08', NULL, NULL),
(433, '1.3.2.08.08.04', 'CAVITATION TUNNEL', 6, '1.3.2.08.08', NULL, NULL),
(434, '1.3.2.08.08.05', 'OVERHEAD CRANES', 6, '1.3.2.08.08', NULL, NULL),
(435, '1.3.2.08.08.06', 'PERALATAN UMUM', 6, '1.3.2.08.08', NULL, NULL),
(436, '1.3.2.08.08.07', 'PEMESINAN : MODEL SHIP WORKSHOP', 6, '1.3.2.08.08', NULL, NULL),
(437, '1.3.2.08.08.08', 'PEMESINAN : PROPELLER MODEL WORKSHOP', 6, '1.3.2.08.08', NULL, NULL),
(438, '1.3.2.08.08.09', 'PEMESINAN : MECHANICAL WORKSHOP', 6, '1.3.2.08.08', NULL, NULL),
(439, '1.3.2.08.08.10', 'PEMESINAN : PRECISION MECHANICAL WORKSHOP', 6, '1.3.2.08.08', NULL, NULL),
(440, '1.3.2.08.08.11', 'PEMESINAN : PAINTING SHOP', 6, '1.3.2.08.08', NULL, NULL),
(441, '1.3.2.08.08.12', 'PEMESINAN : SHIP MODEL PREPARATION SHOP', 6, '1.3.2.08.08', NULL, NULL),
(442, '1.3.2.08.08.13', 'PEMESINAN : ELECTICAL WORKSHOP', 6, '1.3.2.08.08', NULL, NULL),
(443, '1.3.2.08.08.14', 'MOB', 6, '1.3.2.08.08', NULL, NULL),
(444, '1.3.2.08.08.15', 'PHOTO AND FILM EQUIPMENT', 6, '1.3.2.08.08', NULL, NULL),
(445, '1.3.2.08.08.16', 'PERALATAN LABORATORIUM HYDRODINAMICA LAINNYA', 6, '1.3.2.08.08', NULL, NULL),
(446, '1.3.2.08.09', 'ALAT LABORATORIUM STANDARISASI KALIBRASI DAN INSTRUMENTASI', 5, '1.3.2.08', NULL, NULL),
(447, '1.3.2.08.09.01', 'ALAT LABORATORIUM KALIBRASI ELECTROMEDIK DAN BIOMEDIK', 6, '1.3.2.08.09', NULL, NULL),
(448, '1.3.2.08.09.02', 'ALAT LABORATORIUM STANDARD DAN KALIBRATOR', 6, '1.3.2.08.09', NULL, NULL),
(449, '1.3.2.08.09.03', 'ALAT LABORATORIUM CAHAYA, OPTIK DAN AKUSTIK', 6, '1.3.2.08.09', NULL, NULL),
(450, '1.3.2.08.09.04', 'ALAT LABORATORIUM LISTRIK DAN MEKANIK', 6, '1.3.2.08.09', NULL, NULL),
(451, '1.3.2.08.09.05', 'ALAT LABORATORIUM TEKANAN DAN SUHU', 6, '1.3.2.08.09', NULL, NULL),
(452, '1.3.2.08.09.06', 'ALAT LABORATORIUM STANDARISASI KALIBRASI DAN INSTRUMENTASI LAIN', 6, '1.3.2.08.09', NULL, NULL),
(453, '1.3.2.08.09.07', 'ALAT LABORATORIUM NATIUS', 6, '1.3.2.08.09', NULL, NULL),
(454, '1.3.2.08.09.08', 'ALAT LABORATORIUM ELEKTRONIKA DAN TELEKOMUNIKASI PELAYARAN', 6, '1.3.2.08.09', NULL, NULL),
(455, '1.3.2.08.09.09', 'ALAT LABORATORIUM SARANA BANTU NAVIGASI PELAYARAN', 6, '1.3.2.08.09', NULL, NULL),
(456, '1.3.2.08.09.10', 'ALAT LABORATORIUM UJI PERANGKAT', 6, '1.3.2.08.09', NULL, NULL),
(457, '1.3.2.08.09.11', 'ALAT LAUURA1URIUM STANDARISASI KALIBRASI DAN INSTRUMENTASI', 6, '1.3.2.08.09', NULL, NULL),
(458, '1.3.2.09', 'ALAT PERSENJATAAN', 4, '1.3.2', NULL, NULL),
(459, '1.3.2.09.01', 'SENJATA API', 5, '1.3.2.09', NULL, NULL),
(460, '1.3.2.09.01.01', 'SENJATA GENGGAM', 6, '1.3.2.09.01', NULL, NULL),
(461, '1.3.2.09.01.02', 'SENJATA PINGGANG', 6, '1.3.2.09.01', NULL, NULL),
(462, '1.3.2.09.01.03', 'SENJATA BAHU/SENJATA LARAS PANJANG', 6, '1.3.2.09.01', NULL, NULL),
(463, '1.3.2.09.01.04', 'SENAPAN MESIN', 6, '1.3.2.09.01', NULL, NULL),
(464, '1.3.2.09.01.05', 'M O R T I R', 6, '1.3.2.09.01', NULL, NULL),
(465, '1.3.2.09.01.06', 'ANTI LAPIS BAJA', 6, '1.3.2.09.01', NULL, NULL),
(466, '1.3.2.09.01.07', 'ARTILERI MEDAN (ARMED)', 6, '1.3.2.09.01', NULL, NULL),
(467, '1.3.2.09.01.08', 'ARTILERI PERTAHANAN UDARA (ARHANUD)', 6, '1.3.2.09.01', NULL, NULL),
(468, '1.3.2.09.01.09', 'KAVALERI', 6, '1.3.2.09.01', NULL, NULL),
(469, '1.3.2.09.01.10', 'SENJATA LAIN-LAIN', 6, '1.3.2.09.01', NULL, NULL),
(470, '1.3.2.09.02', 'PERSENJATAAN NON SENJATA API', 5, '1.3.2.09', NULL, NULL),
(471, '1.3.2.09.02.01', 'ALAT KEAMANAN', 6, '1.3.2.09.02', NULL, NULL),
(472, '1.3.2.09.02.02', 'NON SENJATA API', 6, '1.3.2.09.02', NULL, NULL),
(473, '1.3.2.09.02.03', 'ALAT PENJINAK BAHAN PELEDAK (ALJIHANDAK)', 6, '1.3.2.09.02', NULL, NULL),
(474, '1.3.2.09.02.04', 'ALAT NUKLIR, BIOLOGI DAN KIMIA', 6, '1.3.2.09.02', NULL, NULL),
(475, '1.3.2.09.02.05', 'PERSENJATAAN NON SENJATA API LAINNYA', 6, '1.3.2.09.02', NULL, NULL),
(476, '1.3.2.09.03', 'SENJATA SINAR', 5, '1.3.2.09', NULL, NULL),
(477, '1.3.2.09.03.01', 'LASER', 6, '1.3.2.09.03', NULL, NULL),
(478, '1.3.2.09.03.02', 'SENJATA SINAR LAINNYA', 6, '1.3.2.09.03', NULL, NULL),
(479, '1.3.2.09.04', 'ALAT KHUSUS KEPOLISIAN', 5, '1.3.2.09', NULL, NULL),
(480, '1.3.2.09.04.01', 'ALAT KHUSUS KEPOLISIAN', 6, '1.3.2.09.04', NULL, NULL),
(481, '1.3.2.09.04.02', 'ALAT DALMAS/ALAT DAKHURA', 6, '1.3.2.09.04', NULL, NULL),
(482, '1.3.2.09.04.03', 'ALAT WANTEROR (PERLAWANAN TEROR)', 6, '1.3.2.09.04', NULL, NULL),
(483, '1.3.2.09.04.04', 'PERALATAN DETEKSI INTEL', 6, '1.3.2.09.04', NULL, NULL),
(484, '1.3.2.09.04.05', 'ALSUS LANTAS', 6, '1.3.2.09.04', NULL, NULL),
(485, '1.3.2.09.04.06', 'ALSUS RESERSE', 6, '1.3.2.09.04', NULL, NULL),
(486, '1.3.2.09.04.07', 'ALSUS FOTOGRAFI KEPOLISIAN', 6, '1.3.2.09.04', NULL, NULL),
(487, '1.3.2.09.04.08', 'ALSUS DAKTILOSKOPI', 6, '1.3.2.09.04', NULL, NULL),
(488, '1.3.2.09.04.09', 'INSTRUMEN ANALISIS LABORATORIUM FORENSIK', 6, '1.3.2.09.04', NULL, NULL),
(489, '1.3.2.09.04.10', 'ALAT KHUSUS KEPOLISIAN LAINNYA', 6, '1.3.2.09.04', NULL, NULL),
(490, '1.3.2.10', 'KOMPUTER', 4, '1.3.2', NULL, NULL),
(491, '1.3.2.10.01', 'KOMPUTER UNIT', 5, '1.3.2.10', NULL, NULL),
(492, '1.3.2.10.01.01', 'KOMPUTER JARINGAN', 6, '1.3.2.10.01', NULL, NULL),
(493, '1.3.2.10.01.02', 'PERSONAL KOMPUTER', 6, '1.3.2.10.01', NULL, NULL),
(494, '1.3.2.10.01.03', 'KOMPUTER UNIT LAINNYA', 6, '1.3.2.10.01', NULL, NULL),
(495, '1.3.2.10.02', 'PERALATAN KOMPUTER', 5, '1.3.2.10', NULL, NULL),
(496, '1.3.2.10.02.01', 'PERALATAN MAINFRAME', 6, '1.3.2.10.02', NULL, NULL),
(497, '1.3.2.10.02.02', 'PERALATAN MINI KOMPUTER', 6, '1.3.2.10.02', NULL, NULL),
(498, '1.3.2.10.02.03', 'PERALATAN PERSONAL KOMPUTER', 6, '1.3.2.10.02', NULL, NULL),
(499, '1.3.2.10.02.04', 'PERALATAN JARINGAN', 6, '1.3.2.10.02', NULL, NULL),
(500, '1.3.2.10.02.05', 'PERALATAN KOMPUTER LAINNYA', 6, '1.3.2.10.02', NULL, NULL),
(501, '1.3.2.11', 'ALAT EKSPLORASI', 4, '1.3.2', NULL, NULL),
(502, '1.3.2.11.01', 'ALAT EKSPLORASI TOPOGRAFI', 5, '1.3.2.11', NULL, NULL),
(503, '1.3.2.11.01.01', 'OPTIK', 6, '1.3.2.11.01', NULL, NULL),
(504, '1.3.2.11.01.02', 'UKUR/INSTRUMENT', 6, '1.3.2.11.01', NULL, NULL),
(505, '1.3.2.11.01.03', 'ALAT EKSPLORASI TOPOGRAFI LAINNYA', 6, '1.3.2.11.01', NULL, NULL),
(506, '1.3.2.11.02', 'ALAT EKSPLORASI GEOFISIKA', 5, '1.3.2.11', NULL, NULL),
(507, '1.3.2.11.02.01', 'MEKANIK', 6, '1.3.2.11.02', NULL, NULL),
(508, '1.3.2.11.02.02', 'ELEKTRONIK/ELECTRIC', 6, '1.3.2.11.02', NULL, NULL),
(509, '1.3.2.11.02.03', 'MANUAL', 6, '1.3.2.11.02', NULL, NULL),
(510, '1.3.2.11.02.04', 'ALAT EKSPLORASI GEOFISIKA LAINNYA', 6, '1.3.2.11.02', NULL, NULL),
(511, '1.3.2.12', 'ALAT PENGEBORAN', 4, '1.3.2', NULL, NULL),
(512, '1.3.2.12.01', 'ALAT PENGEBORAN MESIN', 5, '1.3.2.12', NULL, NULL),
(513, '1.3.2.12.01.01', 'BOR MESIN TUMBUK', 6, '1.3.2.12.01', NULL, NULL),
(514, '1.3.2.12.01.02', 'BOR MESIN PUTAR', 6, '1.3.2.12.01', NULL, NULL),
(515, '1.3.2.12.01.03', 'ALAT PENGEBORAN MESIN LAINNYA', 6, '1.3.2.12.01', NULL, NULL),
(516, '1.3.2.12.02', 'ALAT PENGEBORAN NON MESIN', 5, '1.3.2.12', NULL, NULL),
(517, '1.3.2.12.02.01', 'BANGKA', 6, '1.3.2.12.02', NULL, NULL),
(518, '1.3.2.12.02.02', 'PANTEK', 6, '1.3.2.12.02', NULL, NULL),
(519, '1.3.2.12.02.03', 'PUTAR', 6, '1.3.2.12.02', NULL, NULL),
(520, '1.3.2.12.02.04', 'PERALATAN BANTU', 6, '1.3.2.12.02', NULL, NULL),
(521, '1.3.2.12.02.05', 'ALAT PENGEBORAN NON MESIN LAINNYA', 6, '1.3.2.12.02', NULL, NULL),
(522, '1.3.2.13', 'ALAT PRODUKSI, PENGOLAHAN DAN PEMURNIAN', 4, '1.3.2', NULL, NULL),
(523, '1.3.2.13.01', 'SUMUR', 5, '1.3.2.13', NULL, NULL),
(524, '1.3.2.13.01.01', 'PERALATAN SUMUR MINYAK', 6, '1.3.2.13.01', NULL, NULL),
(525, '1.3.2.13.01.02', 'SUMUR PEMBORAN', 6, '1.3.2.13.01', NULL, NULL),
(526, '1.3.2.13.01.03', 'SUMUR LAINNYA', 6, '1.3.2.13.01', NULL, NULL),
(527, '1.3.2.13.02', 'PRODUKSI', 5, '1.3.2.13', NULL, NULL),
(528, '1.3.2.13.02.01', 'R I G', 6, '1.3.2.13.02', NULL, NULL),
(529, '1.3.2.13.02.02', 'PRODUKSI LAINNYA', 6, '1.3.2.13.02', NULL, NULL),
(530, '1.3.2.13.03', 'PENGOLAHAN DAN PEMURNIAN', 5, '1.3.2.13', NULL, NULL),
(531, '1.3.2.13.03.01', 'ALAT PENGOLAHAN MINYAK', 6, '1.3.2.13.03', NULL, NULL),
(532, '1.3.2.13.03.02', 'ALAT PENGOLAHAN AIR', 6, '1.3.2.13.03', NULL, NULL),
(533, '1.3.2.13.03.03', 'ALAT PENGOLAHAN STEAM', 6, '1.3.2.13.03', NULL, NULL),
(534, '1.3.2.13.03.04', 'ALAT PENGOLAHAN WAX', 6, '1.3.2.13.03', NULL, NULL),
(535, '1.3.2.13.03.05', 'PENGOLAHAN DAN PEMURNIAN LAINNYA', 6, '1.3.2.13.03', NULL, NULL),
(536, '1.3.2.14', 'ALAT BANTU EKSPLORASI', 4, '1.3.2', NULL, NULL),
(537, '1.3.2.14.01', 'ALAT BANTU EKSPLORASI', 5, '1.3.2.14', NULL, NULL),
(538, '1.3.2.14.01.01', 'MEKANIK', 6, '1.3.2.14.01', NULL, NULL),
(539, '1.3.2.14.01.02', 'EEKTRIC', 6, '1.3.2.14.01', NULL, NULL),
(540, '1.3.2.14.01.03', 'ALAT BANTU EKPLORASI LAINNYA', 6, '1.3.2.14.01', NULL, NULL),
(541, '1.3.2.14.02', 'ALAT BANTU PRODUKSI', 5, '1.3.2.14', NULL, NULL),
(542, '1.3.2.14.02.01', 'PERAWATAN SUMUR', 6, '1.3.2.14.02', NULL, NULL),
(543, '1.3.2.14.02.02', 'TEST UNIT', 6, '1.3.2.14.02', NULL, NULL),
(544, '1.3.2.14.02.03', 'ALAT BANTU PRODUKSI LAINNYA', 6, '1.3.2.14.02', NULL, NULL),
(545, '1.3.2.15', 'ALAT KESELAMATAN KERJA', 4, '1.3.2', NULL, NULL),
(546, '1.3.2.15.01', 'ALAT DETEKSI', 5, '1.3.2.15', NULL, NULL),
(547, '1.3.2.15.01.01', 'RADIASI', 6, '1.3.2.15.01', NULL, NULL),
(548, '1.3.2.15.01.02', 'SUARA', 6, '1.3.2.15.01', NULL, NULL),
(549, '1.3.2.15.01.03', 'ALAT DETEKSI LAINNYA', 6, '1.3.2.15.01', NULL, NULL),
(550, '1.3.2.15.02', 'ALAT PELINDUNG', 5, '1.3.2.15', NULL, NULL),
(551, '1.3.2.15.02.01', 'BAJU PENGAMAN', 6, '1.3.2.15.02', NULL, NULL),
(552, '1.3.2.15.02.02', 'MASKER', 6, '1.3.2.15.02', NULL, NULL),
(553, '1.3.2.15.02.03', 'TOPI KERJA', 6, '1.3.2.15.02', NULL, NULL),
(554, '1.3.2.15.02.04', 'SABUK PENGAMAN', 6, '1.3.2.15.02', NULL, NULL),
(555, '1.3.2.15.02.05', 'SEPATU LAPANGAN', 6, '1.3.2.15.02', NULL, NULL),
(556, '1.3.2.15.02.06', 'ALAT PELINDUNG LAINNYA', 6, '1.3.2.15.02', NULL, NULL),
(557, '1.3.2.15.03', 'ALAT SAR', 5, '1.3.2.15', NULL, NULL),
(558, '1.3.2.15.03.01', 'ALAT PENOLONG', 6, '1.3.2.15.03', NULL, NULL),
(559, '1.3.2.15.03.02', 'ALAT PENDUKUNG PENCARIAN', 6, '1.3.2.15.03', NULL, NULL),
(560, '1.3.2.15.03.03', 'ALAT KERJA BAWAH AIR', 6, '1.3.2.15.03', NULL, NULL),
(561, '1.3.2.15.03.04', 'ALAT SAR LAINNYA', 6, '1.3.2.15.03', NULL, NULL),
(562, '1.3.2.15.04', 'ALAT KERJA PENERBANGAN', 5, '1.3.2.15', NULL, NULL),
(563, '1.3.2.15.04.01', 'PERALATAN FASILITAS KOMUNIKASI PENERBANGAN', 6, '1.3.2.15.04', NULL, NULL),
(564, '1.3.2.15.04.02', 'PERALATAN FASILITAS NAVIGASI DAN PENGAMATAN PENERBANGAN', 6, '1.3.2.15.04', NULL, NULL),
(565, '1.3.2.15.04.03', 'PERALATAN FASILITAS BANTU PENDARATAN', 6, '1.3.2.15.04', NULL, NULL),
(566, '1.3.2.15.04.04', 'PERALATAN FASILITAS BANTU PELAYANAN DAN PENGAMANAN BANDAR UDARA', 6, '1.3.2.15.04', NULL, NULL),
(567, '1.3.2.15.04.05', 'PERALATAN FASILITAS LISTRIK BANDAR UDARA', 6, '1.3.2.15.04', NULL, NULL),
(568, '1.3.2.15.04.06', 'ALAT UKUR PERALATAN FASLEKTRIK', 6, '1.3.2.15.04', NULL, NULL),
(569, '1.3.2.15.04.07', 'ALAT KERJA PENERBANGAN LAINNYA', 6, '1.3.2.15.04', NULL, NULL),
(570, '1.3.2.16', 'ALAT PERAGA', 4, '1.3.2', NULL, NULL),
(571, '1.3.2.16.01', 'ALAT PERAGA PELATIHAN DAN PERCONTOHAN', 5, '1.3.2.16', NULL, NULL),
(572, '1.3.2.16.01.01', 'ALAT PERAGA PELATIHAN', 6, '1.3.2.16.01', NULL, NULL),
(573, '1.3.2.16.01.02', 'ALAT PERAGA PERCONTOHAN', 6, '1.3.2.16.01', NULL, NULL),
(574, '1.3.2.16.01.03', 'ALAT PERAGA PELATIHAN DAN PERCONTOHAN LAINNYA', 6, '1.3.2.16.01', NULL, NULL),
(575, '1.3.2.17', 'PERALATAN PROSES/PRODUKSI', 4, '1.3.2', NULL, NULL),
(576, '1.3.2.17.01', 'UNIT PERALATAN PROSES/PRODUKSI', 5, '1.3.2.17', NULL, NULL),
(577, '1.3.2.17.01.01', 'LIQUID-LIQUID CONTRACTOR EQUIPMENT', 6, '1.3.2.17.01', NULL, NULL),
(578, '1.3.2.17.01.02', 'SOLID-SOLID MIXING EQUIPMENT', 6, '1.3.2.17.01', NULL, NULL),
(579, '1.3.2.17.01.03', 'SOLID-SOLID SCREENING EQUIPMENT', 6, '1.3.2.17.01', NULL, NULL),
(580, '1.3.2.17.01.04', 'SOLID-SOLID CLASSIFIER', 6, '1.3.2.17.01', NULL, NULL),
(581, '1.3.2.17.01.05', 'SOLID-LIQUID MIXING EQUIPMENT', 6, '1.3.2.17.01', NULL, NULL),
(582, '1.3.2.17.01.06', 'SOLID LIQUID CRYSTALLIZATION EQUIPMENT', 6, '1.3.2.17.01', NULL, NULL),
(583, '1.3.2.17.01.07', 'ION EXCHANGE ABSORTION EQUIPMENT', 6, '1.3.2.17.01', NULL, NULL),
(584, '1.3.2.17.01.08', 'LEACHING EQUIPMENT', 6, '1.3.2.17.01', NULL, NULL),
(585, '1.3.2.17.01.09', 'GRAVITY SEDIMENTATION EQUIPMENT', 6, '1.3.2.17.01', NULL, NULL),
(586, '1.3.2.17.01.10', 'SOLID LIQUID FILTERING EQUIPMENT', 6, '1.3.2.17.01', NULL, NULL),
(587, '1.3.2.17.01.11', 'CENTRIFUGE FOR SOLID LIQUID', 6, '1.3.2.17.01', NULL, NULL),
(588, '1.3.2.17.01.12', 'LIQUID FROM SOLID EXPELLING (EXPRESSOR)-EQUIPMENT', 6, '1.3.2.17.01', NULL, NULL),
(589, '1.3.2.17.01.13', 'GAS-SOLID DRYING EQUIPMENT', 6, '1.3.2.17.01', NULL, NULL),
(590, '1.3.2.17.01.14', 'GAS - SOLID FLUIDISED BED EQUIPMENT', 6, '1.3.2.17.01', NULL, NULL),
(591, '1.3.2.17.01.15', 'GAS - SOLID SEPARATION EQUIPMENT', 6, '1.3.2.17.01', NULL, NULL),
(592, '1.3.2.17.01.16', 'GAS - LIQUID DISTILLATION EQUIPMENT', 6, '1.3.2.17.01', NULL, NULL),
(593, '1.3.2.17.01.17', 'GAS - LIQUID SEPARITION EQUIPMENT', 6, '1.3.2.17.01', NULL, NULL),
(594, '1.3.2.17.01.18', 'ISOTOPE SEPARATION EQUIPMENT', 6, '1.3.2.17.01', NULL, NULL),
(595, '1.3.2.17.01.19', 'TRANSPORT AND STORAGE EQUIPMENT FOR LIQUID', 6, '1.3.2.17.01', NULL, NULL),
(596, '1.3.2.17.01.20', 'SOLID MATERIAL HANDLING EQUIPMENT', 6, '1.3.2.17.01', NULL, NULL),
(597, '1.3.2.17.01.21', 'SIZE REDUCTION SIZE BALARGEMENT EQUIPMENT', 6, '1.3.2.17.01', NULL, NULL),
(598, '1.3.2.17.01.22', 'HEAT GENERATING EQUIPMENT', 6, '1.3.2.17.01', NULL, NULL),
(599, '1.3.2.17.01.23', 'HEAT TRANSFER EQUIPMENT', 6, '1.3.2.17.01', NULL, NULL),
(600, '1.3.2.17.01.24', 'MECHANICAL PROCES', 6, '1.3.2.17.01', NULL, NULL),
(601, '1.3.2.17.01.25', 'CHEMICAL REAKTION EQUIPMENT', 6, '1.3.2.17.01', NULL, NULL),
(602, '1.3.2.17.01.26', 'UNIT PERALATAN PROSES/PRODUKSI LAINNYA', 6, '1.3.2.17.01', NULL, NULL),
(603, '1.3.2.18', 'RAMBU - RAMBU', 4, '1.3.2', NULL, NULL),
(604, '1.3.2.18.01', 'RAMBU-RAMBU LALU LINTAS DARAT', 5, '1.3.2.18', NULL, NULL),
(605, '1.3.2.18.01.01', 'RAMBU BERSUAR', 6, '1.3.2.18.01', NULL, NULL),
(606, '1.3.2.18.01.02', 'RAMBU TIDAK BERSUAR', 6, '1.3.2.18.01', NULL, NULL),
(607, '1.3.2.18.01.03', 'RAMBU-RAMBU LALU LINTAS DARAT LAINNYA', 6, '1.3.2.18.01', NULL, NULL);
INSERT INTO `kode_parent_barang` (`id`, `kode`, `uraian`, `level`, `parent_kode`, `created_at`, `updated_at`) VALUES
(608, '1.3.2.18.02', 'RAMBU-RAMBU LALU LINTAS UDARA', 5, '1.3.2.18', NULL, NULL),
(609, '1.3.2.18.02.01', 'RUNWAY/THRESHOLD LIGHT', 6, '1.3.2.18.02', NULL, NULL),
(610, '1.3.2.18.02.02', 'VISUAL APPROACH SLOPE INDICATOR (VASI)', 6, '1.3.2.18.02', NULL, NULL),
(611, '1.3.2.18.02.03', 'APPROACH LIGHT', 6, '1.3.2.18.02', NULL, NULL),
(612, '1.3.2.18.02.04', 'RUNWAY IDENTIFICATION LIGHT (REILS)', 6, '1.3.2.18.02', NULL, NULL),
(613, '1.3.2.18.02.05', 'SIGNAL', 6, '1.3.2.18.02', NULL, NULL),
(614, '1.3.2.18.02.06', 'FLOOD LIGHTS', 6, '1.3.2.18.02', NULL, NULL),
(615, '1.3.2.18.02.07', 'RAMBU-RAMBU LALU LINTAS UDARA LAINNYA', 6, '1.3.2.18.02', NULL, NULL),
(616, '1.3.2.18.03', 'RAMBU-RAMBU LALU LINTAS LAUT', 5, '1.3.2.18', NULL, NULL),
(617, '1.3.2.18.03.01', 'RAMBU-RAMBU LALU LINTAS LAUT', 6, '1.3.2.18.03', NULL, NULL),
(618, '1.3.2.18.03.02', 'RAMBU-RAMBU LALU LINTAS LAUT LAINNYA', 6, '1.3.2.18.03', NULL, NULL),
(619, '1.3.2.19', 'PERALATAN OLAH RAGA', 4, '1.3.2', NULL, NULL),
(620, '1.3.2.19.01', 'PERALATAN OLAH RAGA', 5, '1.3.2.19', NULL, NULL),
(621, '1.3.2.19.01.01', 'PERALATAN OLAH RAGA ATLETIK', 6, '1.3.2.19.01', NULL, NULL),
(622, '1.3.2.19.01.02', 'PERALATAN PERMAINAN', 6, '1.3.2.19.01', NULL, NULL),
(623, '1.3.2.19.01.03', 'PERALATAN SENAM', 6, '1.3.2.19.01', NULL, NULL),
(624, '1.3.2.19.01.04', 'PARALATAN OLAH RAGA AIR', 6, '1.3.2.19.01', NULL, NULL),
(625, '1.3.2.19.01.05', 'PERALATAN OLAH RAGA UDARA', 6, '1.3.2.19.01', NULL, NULL),
(626, '1.3.2.19.01.06', 'PERALATAN OLAH RAGA LAINNYA', 6, '1.3.2.19.01', NULL, NULL),
(627, '1.3.3', 'GEDUNG DAN BANGUNAN', 3, '1.3', NULL, NULL),
(628, '1.3.3.01', 'BANGUNAN GEDUNG', 4, '1.3.3', NULL, NULL),
(629, '1.3.3.01.01', 'BANGUNAN GEDUNG TEMPAT KERJA', 5, '1.3.3.01', NULL, NULL),
(630, '1.3.3.01.01.01', 'BANGUNAN GEDUNG KANTOR', 6, '1.3.3.01.01', NULL, NULL),
(631, '1.3.3.01.01.02', 'BANGUNAN GUDANG', 6, '1.3.3.01.01', NULL, NULL),
(632, '1.3.3.01.01.03', 'BANGUNAN GEDUNG UNTUK BENGKEL/HANGGAR', 6, '1.3.3.01.01', NULL, NULL),
(633, '1.3.3.01.01.04', 'BANGUNAN GEDUNG INSTALASI', 6, '1.3.3.01.01', NULL, NULL),
(634, '1.3.3.01.01.05', 'BANGUNAN GEDUNG LABORATORIUM', 6, '1.3.3.01.01', NULL, NULL),
(635, '1.3.3.01.01.06', 'BANGUNAN KESEHATAN', 6, '1.3.3.01.01', NULL, NULL),
(636, '1.3.3.01.01.07', 'BANGUNAN OCEANARIUM/OBSERVATORIUM', 6, '1.3.3.01.01', NULL, NULL),
(637, '1.3.3.01.01.08', 'BANGUNAN GEDUNG TEMPAT IBADAH', 6, '1.3.3.01.01', NULL, NULL),
(638, '1.3.3.01.01.09', 'BANGUNAN GEDUNG TEMPAT PERTEMUAN', 6, '1.3.3.01.01', NULL, NULL),
(639, '1.3.3.01.01.10', 'BANGUNAN GEDUNG TEMPAT PENDIDIKAN', 6, '1.3.3.01.01', NULL, NULL),
(640, '1.3.3.01.01.11', 'BANGUNAN GEDUNG TEMPAT OLAH RAGA', 6, '1.3.3.01.01', NULL, NULL),
(641, '1.3.3.01.01.12', 'BANGUNAN GEDUNG PERTOKOAN/KOPERASI/PASAR', 6, '1.3.3.01.01', NULL, NULL),
(642, '1.3.3.01.01.13', 'BANGUNAN GEDUNG UNTUK POS JAGA', 6, '1.3.3.01.01', NULL, NULL),
(643, '1.3.3.01.01.14', 'BANGUNAN GEDUNG GARASI/POOL', 6, '1.3.3.01.01', NULL, NULL),
(644, '1.3.3.01.01.15', 'BANGUNAN GEDUNG PEMOTONG HEWAN', 6, '1.3.3.01.01', NULL, NULL),
(645, '1.3.3.01.01.16', 'BANGUNAN GEDUNG PERPUSTAKAAN', 6, '1.3.3.01.01', NULL, NULL),
(646, '1.3.3.01.01.17', 'BANGUNAN GEDUNG MUSIUM', 6, '1.3.3.01.01', NULL, NULL),
(647, '1.3.3.01.01.18', 'BANGUNAN GEDUNG TERMINAL/PELABUHAN/BANDARA', 6, '1.3.3.01.01', NULL, NULL),
(648, '1.3.3.01.01.19', 'BANGUNAN PENGUJIAN KELAIKAN', 6, '1.3.3.01.01', NULL, NULL),
(649, '1.3.3.01.01.20', 'BANGUNAN GEDUNG LEMBAGA PEMASYARAKATAN', 6, '1.3.3.01.01', NULL, NULL),
(650, '1.3.3.01.01.21', 'BANGUNAN RUMAH TAHANAN', 6, '1.3.3.01.01', NULL, NULL),
(651, '1.3.3.01.01.22', 'BANGUNAN GEDUNG KREMATORIUM', 6, '1.3.3.01.01', NULL, NULL),
(652, '1.3.3.01.01.23', 'BANGUNAN PEMBAKARAN BANGKAI HEWAN', 6, '1.3.3.01.01', NULL, NULL),
(653, '1.3.3.01.01.24', 'BANGUNAN TEMPAT PERSIDANGAN', 6, '1.3.3.01.01', NULL, NULL),
(654, '1.3.3.01.01.25', 'BANGUNAN TERBUKA', 6, '1.3.3.01.01', NULL, NULL),
(655, '1.3.3.01.01.26', 'BANGUNAN PENAMPUNG SEKAM', 6, '1.3.3.01.01', NULL, NULL),
(656, '1.3.3.01.01.27', 'BANGUNAN TEMPAT PELELANGAN IKAN (TPI)', 6, '1.3.3.01.01', NULL, NULL),
(657, '1.3.3.01.01.28', 'BANGUNAN INDUSTRI', 6, '1.3.3.01.01', NULL, NULL),
(658, '1.3.3.01.01.29', 'BANGUNAN PETERNAKAN/PERIKANAN', 6, '1.3.3.01.01', NULL, NULL),
(659, '1.3.3.01.01.30', 'BANGUNAN GEDUNG TEMPAT KERJA LAINNYA', 6, '1.3.3.01.01', NULL, NULL),
(660, '1.3.3.01.01.31', 'BANGUNAN PERALATAN GEOFISIKA', 6, '1.3.3.01.01', NULL, NULL),
(661, '1.3.3.01.01.32', 'BANGUNAN FASILITAS UMUM', 6, '1.3.3.01.01', NULL, NULL),
(662, '1.3.3.01.01.33', 'BANGUNAN PARKIR', 6, '1.3.3.01.01', NULL, NULL),
(663, '1.3.3.01.01.34', 'BANGUNAN GEDUNG PABRIK', 6, '1.3.3.01.01', NULL, NULL),
(664, '1.3.3.01.01.35', 'BANGUNAN STASIUN BUS', 6, '1.3.3.01.01', NULL, NULL),
(665, '1.3.3.01.01.36', 'TAMAN', 6, '1.3.3.01.01', NULL, NULL),
(666, '1.3.3.01.01.37', 'BANGUNAN GEDUNG TEMPAT KERJA LAINNYA', 6, '1.3.3.01.01', NULL, NULL),
(667, '1.3.3.01.02', 'BANGUNAN GEDUNG TEMPAT TINGGAL', 5, '1.3.3.01', NULL, NULL),
(668, '1.3.3.01.02.01', 'RUMAH NEGARA GOLONGAN I', 6, '1.3.3.01.02', NULL, NULL),
(669, '1.3.3.01.02.02', 'RUMAH NEGARA GOLONGAN II', 6, '1.3.3.01.02', NULL, NULL),
(670, '1.3.3.01.02.03', 'RUMAH NEGARA GOLONGAN III', 6, '1.3.3.01.02', NULL, NULL),
(671, '1.3.3.01.02.04', 'MESS/WISMA/BUNGALOW/TEMPAT PERISTIRAHATAN', 6, '1.3.3.01.02', NULL, NULL),
(672, '1.3.3.01.02.05', 'ASRAMA', 6, '1.3.3.01.02', NULL, NULL),
(673, '1.3.3.01.02.06', 'HOTEL', 6, '1.3.3.01.02', NULL, NULL),
(674, '1.3.3.01.02.07', 'MOTEL', 6, '1.3.3.01.02', NULL, NULL),
(675, '1.3.3.01.02.08', 'FLAT/RUMAH SUSUN', 6, '1.3.3.01.02', NULL, NULL),
(676, '1.3.3.01.02.09', 'RUMAH NEGARA DALAM PROSES PENGGOLONGAN', 6, '1.3.3.01.02', NULL, NULL),
(677, '1.3.3.01.02.10', 'PANTI ASUHAN', 6, '1.3.3.01.02', NULL, NULL),
(678, '1.3.3.01.02.11', 'APARTEMEN', 6, '1.3.3.01.02', NULL, NULL),
(679, '1.3.3.01.02.12', 'RUMAH TIDAK BERSUSUN', 6, '1.3.3.01.02', NULL, NULL),
(680, '1.3.3.01.02.13', 'BANGUNAN GEDUNG TEMPAT TINGGAL LAINNYA', 6, '1.3.3.01.02', NULL, NULL),
(681, '1.3.3.02', 'MONUMEN', 4, '1.3.3', NULL, NULL),
(682, '1.3.3.02.01', 'CANDI/TUGU PERINGATAN/PRASASTI', 5, '1.3.3.02', NULL, NULL),
(683, '1.3.3.02.01.01', 'CANDI', 6, '1.3.3.02.01', NULL, NULL),
(684, '1.3.3.02.01.02', 'TUGU', 6, '1.3.3.02.01', NULL, NULL),
(685, '1.3.3.02.01.03', 'BANGUNAN PENINGGALAN', 6, '1.3.3.02.01', NULL, NULL),
(686, '1.3.3.02.01.04', 'CANDI/TUGU PERINGATAN/PRASASTI LAINNYA', 6, '1.3.3.02.01', NULL, NULL),
(687, '1.3.3.03', 'BANGUNAN MENARA', 4, '1.3.3', NULL, NULL),
(688, '1.3.3.03.01', 'BANGUNAN MENARA PERAMBUAN', 5, '1.3.3.03', NULL, NULL),
(689, '1.3.3.03.01.01', 'BANGUNAN MENARA PERAMBUAN PENERANGAN PANTAI', 6, '1.3.3.03.01', NULL, NULL),
(690, '1.3.3.03.01.02', 'BANGUNAN PERAMBUAN PENERANGAN PANTAI', 6, '1.3.3.03.01', NULL, NULL),
(691, '1.3.3.03.01.03', 'BANGUNAN MENARA TELEKOMUNIKASI', 6, '1.3.3.03.01', NULL, NULL),
(692, '1.3.3.03.01.04', 'BANGUNAN MENARA PENGAWAS', 6, '1.3.3.03.01', NULL, NULL),
(693, '1.3.3.03.01.05', 'BANGUNAN MENARA PERAMBUAN LAINNYA', 6, '1.3.3.03.01', NULL, NULL),
(694, '1.3.3.04', 'TUGU TITIK KONTROL/PASTI', 4, '1.3.3', NULL, NULL),
(695, '1.3.3.04.01', 'TUGU/TANDA BATAS', 5, '1.3.3.04', NULL, NULL),
(696, '1.3.3.04.01.01', 'TUGU/TANDA BATAS ADMINISTRASI', 6, '1.3.3.04.01', NULL, NULL),
(697, '1.3.3.04.01.02', 'TUGU/TANDA JARING KONTROL GEODESI', 6, '1.3.3.04.01', NULL, NULL),
(698, '1.3.3.04.01.03', 'PILAR/TUGU/TANDA LAINNYA', 6, '1.3.3.04.01', NULL, NULL),
(699, '1.3.3.04.01.04', 'PAGAR', 6, '1.3.3.04.01', NULL, NULL),
(700, '1.3.3.04.01.05', 'TUGU/TANDA BATAS LAINNYA', 6, '1.3.3.04.01', NULL, NULL),
(701, '1.3.3.05', 'ALAT KANTOR DAN RUMAH TANGGA', 4, '1.3.3', NULL, NULL),
(702, '1.3.3.05.01', 'ALAT KANTOR', 5, '1.3.3.05', NULL, NULL),
(703, '1.3.3.05.01.05', 'ALAT KANTOR LAINNYA', 6, '1.3.3.05.01', NULL, NULL),
(704, '1.3.3.06', 'ALAT STUDIO, KOMUNIKASI DAN PEMANCAR', 4, '1.3.3', NULL, NULL),
(705, '1.3.3.06.01', 'ALAT STUDIO', 5, '1.3.3.06', NULL, NULL),
(706, '1.3.3.06.01.01', 'PERALATAN STUDIO AUDIO', 6, '1.3.3.06.01', NULL, NULL),
(707, '1.3.3.18', 'RAMBU - RAMBU', 4, '1.3.3', NULL, NULL),
(708, '1.3.3.18.01', 'RAMBU-RAMBU LALU LINTAS DARAT', 5, '1.3.3.18', NULL, NULL),
(709, '1.3.3.18.01.02', 'RAMBU TIDAK BERSUAR', 6, '1.3.3.18.01', NULL, NULL),
(710, '1.3.4', 'JALAN, JARINGAN DAN IRIGASI', 3, '1.3', NULL, NULL),
(711, '1.3.4.01', 'JALAN DAN JEMBATAN', 4, '1.3.4', NULL, NULL),
(712, '1.3.4.01.01', 'JALAN', 5, '1.3.4.01', NULL, NULL),
(713, '1.3.4.01.01.01', 'JALAN NASIONAL', 6, '1.3.4.01.01', NULL, NULL),
(714, '1.3.4.01.01.02', 'JALAN PROPINSI', 6, '1.3.4.01.01', NULL, NULL),
(715, '1.3.4.01.01.03', 'JALAN KABUPATEN', 6, '1.3.4.01.01', NULL, NULL),
(716, '1.3.4.01.01.04', 'JALAN KOTA', 6, '1.3.4.01.01', NULL, NULL),
(717, '1.3.4.01.01.05', 'JALAN DESA', 6, '1.3.4.01.01', NULL, NULL),
(718, '1.3.4.01.01.06', 'JALAN TOL', 6, '1.3.4.01.01', NULL, NULL),
(719, '1.3.4.01.01.07', 'JALAN KERETA API', 6, '1.3.4.01.01', NULL, NULL),
(720, '1.3.4.01.01.08', 'LANDASAN PACU PESAWAT TERBANG', 6, '1.3.4.01.01', NULL, NULL),
(721, '1.3.4.01.01.09', 'JALAN KHUSUS', 6, '1.3.4.01.01', NULL, NULL),
(722, '1.3.4.01.01.10', 'JALAN LAINNYA', 6, '1.3.4.01.01', NULL, NULL),
(723, '1.3.4.01.01.29', 'BANGUNAN PETERNAKAN/PERIKANAN', 6, '1.3.4.01.01', NULL, NULL),
(724, '1.3.4.01.01.32', 'BANGUNAN FASILITAS UMUM', 6, '1.3.4.01.01', NULL, NULL),
(725, '1.3.4.01.02', 'JEMBATAN', 5, '1.3.4.01', NULL, NULL),
(726, '1.3.4.01.02.01', 'JEMBATAN PADA JALAN NASIONAL', 6, '1.3.4.01.02', NULL, NULL),
(727, '1.3.4.01.02.02', 'JEMBATAN PADA JALAN PROPINSI', 6, '1.3.4.01.02', NULL, NULL),
(728, '1.3.4.01.02.03', 'JEMBATAN PADA JALAN KABUPATEN', 6, '1.3.4.01.02', NULL, NULL),
(729, '1.3.4.01.02.04', 'JEMBATAN PADA JALAN KOTA', 6, '1.3.4.01.02', NULL, NULL),
(730, '1.3.4.01.02.05', 'JEMBATAN PADA JALAN DESA', 6, '1.3.4.01.02', NULL, NULL),
(731, '1.3.4.01.02.06', 'JEMBATAN PADA JALAN TOL', 6, '1.3.4.01.02', NULL, NULL),
(732, '1.3.4.01.02.07', 'JEMBATAN PADA JALAN KERETA API', 6, '1.3.4.01.02', NULL, NULL),
(733, '1.3.4.01.02.08', 'JEMBATAN PADA LANDASAN PACU PESAWAT TERBANG', 6, '1.3.4.01.02', NULL, NULL),
(734, '1.3.4.01.02.09', 'JEMBATAN PADA JALAN KHUSUS', 6, '1.3.4.01.02', NULL, NULL),
(735, '1.3.4.01.02.10', 'JEMBATAN PENYEBERANGAN', 6, '1.3.4.01.02', NULL, NULL),
(736, '1.3.4.01.02.11', 'JEMBATAN LABUH/SANDAR PADA TERMINAL', 6, '1.3.4.01.02', NULL, NULL),
(737, '1.3.4.01.02.12', 'JEMBATAN PENGUKUR', 6, '1.3.4.01.02', NULL, NULL),
(738, '1.3.4.01.02.13', 'JEMBATAN LAINNYA', 6, '1.3.4.01.02', NULL, NULL),
(739, '1.3.4.01.03', 'ALAT BANTU', 5, '1.3.4.01', NULL, NULL),
(740, '1.3.4.01.03.05', 'POMPA', 6, '1.3.4.01.03', NULL, NULL),
(741, '1.3.4.02', 'BANGUNAN AIR', 4, '1.3.4', NULL, NULL),
(742, '1.3.4.02.01', 'BANGUNAN AIR IRIGASI', 5, '1.3.4.02', NULL, NULL),
(743, '1.3.4.02.01.01', 'BANGUNAN WADUK IRIGASI', 6, '1.3.4.02.01', NULL, NULL),
(744, '1.3.4.02.01.02', 'BANGUNAN PENGAMBILAN IRIGASI', 6, '1.3.4.02.01', NULL, NULL),
(745, '1.3.4.02.01.03', 'BANGUNAN PEMBAWA IRIGASI', 6, '1.3.4.02.01', NULL, NULL),
(746, '1.3.4.02.01.04', 'BANGUNAN PEMBUANG IRIGASI', 6, '1.3.4.02.01', NULL, NULL),
(747, '1.3.4.02.01.05', 'BANGUNAN PENGAMAN IRIGASI', 6, '1.3.4.02.01', NULL, NULL),
(748, '1.3.4.02.01.06', 'BANGUNAN PELENGKAP IRIGASI', 6, '1.3.4.02.01', NULL, NULL),
(749, '1.3.4.02.01.07', 'BANGUNAN SAWAH IRIGASI', 6, '1.3.4.02.01', NULL, NULL),
(750, '1.3.4.02.01.08', 'BANGUNAN AIR IRIGASI LAINNYA', 6, '1.3.4.02.01', NULL, NULL),
(751, '1.3.4.02.02', 'BANGUNAN PENGAIRAN PASANG SURUT', 5, '1.3.4.02', NULL, NULL),
(752, '1.3.4.02.02.01', 'BANGUNAN WADUK PASANG SURUT', 6, '1.3.4.02.02', NULL, NULL),
(753, '1.3.4.02.02.02', 'BANGUNAN PENGAMBILAN PASANG SURUT', 6, '1.3.4.02.02', NULL, NULL),
(754, '1.3.4.02.02.03', 'BANGUNAN PEMBAWA PASANG SURUT', 6, '1.3.4.02.02', NULL, NULL),
(755, '1.3.4.02.02.04', 'SALURAN PEMBUANG PASANG SURUT', 6, '1.3.4.02.02', NULL, NULL),
(756, '1.3.4.02.02.05', 'BANGUNAN PENGAMAN PASANG SURUT', 6, '1.3.4.02.02', NULL, NULL),
(757, '1.3.4.02.02.06', 'BANGUNAN PELENGKAP PASANG SURUT', 6, '1.3.4.02.02', NULL, NULL),
(758, '1.3.4.02.02.07', 'BANGUNAN SAWAH PASANG SURUT', 6, '1.3.4.02.02', NULL, NULL),
(759, '1.3.4.02.02.08', 'BANGUNAN PENGAIRAN PASANG SURUT LAINNYA', 6, '1.3.4.02.02', NULL, NULL),
(760, '1.3.4.02.03', 'BANGUNAN PENGEMBANGAN RAWA DAN POLDER', 5, '1.3.4.02', NULL, NULL),
(761, '1.3.4.02.03.01', 'BANGUNAN WADUK PENGEMBANGAN RAWA', 6, '1.3.4.02.03', NULL, NULL),
(762, '1.3.4.02.03.02', 'BANGUNAN PENGAMBILAN PENGEMBANGAN RAWA', 6, '1.3.4.02.03', NULL, NULL),
(763, '1.3.4.02.03.03', 'BANGUNAN PEMBAWA PENGEMBANGAN RAWA', 6, '1.3.4.02.03', NULL, NULL),
(764, '1.3.4.02.03.04', 'BANGUNAN PEMBUANG PENGEMBANGAN RAWA', 6, '1.3.4.02.03', NULL, NULL),
(765, '1.3.4.02.03.05', 'BANGUNAN PENGAMAN PENGEMBANGAN RAWA', 6, '1.3.4.02.03', NULL, NULL),
(766, '1.3.4.02.03.06', 'BANGUNAN PELENGKAP PENGEMBANGAN RAWA', 6, '1.3.4.02.03', NULL, NULL),
(767, '1.3.4.02.03.07', 'BANGUNAN SAWAH PENGEMBANGAN RAWA', 6, '1.3.4.02.03', NULL, NULL),
(768, '1.3.4.02.03.08', 'BANGUNAN PENGEMBANGAN RAWA DAN POLDER LAINNYA', 6, '1.3.4.02.03', NULL, NULL),
(769, '1.3.4.02.04', 'BANGUNAN PENGAMAN SUNGAI/PANTAI & PENANGGULANGAN BENCANA ALAM', 5, '1.3.4.02', NULL, NULL),
(770, '1.3.4.02.04.01', 'BANGUNAN PENGAMAN SUNGAI/PANTAI & PENANGGULANGAN BENCANA ALAM', 6, '1.3.4.02.04', NULL, NULL),
(771, '1.3.4.02.04.02', 'BANGUNAN PENGAMBILAN PENGAMAN SUNGAI/PANTAI', 6, '1.3.4.02.04', NULL, NULL),
(772, '1.3.4.02.04.03', 'BANGUNAN PEMBAWA PENGAMAN SUNGAI/PANTAI', 6, '1.3.4.02.04', NULL, NULL),
(773, '1.3.4.02.04.04', 'BANGUNAN PEMBUANG PENGAMAN SUNGAI', 6, '1.3.4.02.04', NULL, NULL),
(774, '1.3.4.02.04.05', 'BANGUNAN PENGAMAN PENGAMANAN SUNGAI/PANTAI', 6, '1.3.4.02.04', NULL, NULL),
(775, '1.3.4.02.04.06', 'BANGUNAN PELENGKAP PENGAMAN SUNGAI', 6, '1.3.4.02.04', NULL, NULL),
(776, '1.3.4.02.04.07', 'BANGUNAN PENGAMAN SUNGAI/PANTAI & PENANGGULANGAN BENCANA ALAM LAINNYA', 6, '1.3.4.02.04', NULL, NULL),
(777, '1.3.4.02.05', 'BANGUNAN PENGEMBANGAN SUMBER AIR DAN AIR TANAH', 5, '1.3.4.02', NULL, NULL),
(778, '1.3.4.02.05.01', 'BANGUNAN WADUK PENGEMBANGAN SUMBER AIR', 6, '1.3.4.02.05', NULL, NULL),
(779, '1.3.4.02.05.02', 'BANGUNAN PENGAMBILAN PENGEMBANGAN SUMBER AIR', 6, '1.3.4.02.05', NULL, NULL),
(780, '1.3.4.02.05.03', 'BANGUNAN PEMBAWA PENGEMBANGAN SUMBER AIR', 6, '1.3.4.02.05', NULL, NULL),
(781, '1.3.4.02.05.04', 'BANGUNAN PEMBUANG PENGEMBANGAN SUMBER AIR', 6, '1.3.4.02.05', NULL, NULL),
(782, '1.3.4.02.05.05', 'BANGUNAN PENGAMAN PENGEMBANGAN SUMBER AIR', 6, '1.3.4.02.05', NULL, NULL),
(783, '1.3.4.02.05.06', 'BANGUNAN PELENGKAP PENGEMBANGAN SUMBER AIR', 6, '1.3.4.02.05', NULL, NULL),
(784, '1.3.4.02.05.07', 'BANGUNAN SAWAH IRIGASI AIR TANAH', 6, '1.3.4.02.05', NULL, NULL),
(785, '1.3.4.02.05.08', 'BANGUNAN PENGEMBANGAN SUMBER AIR DAN AIR TANAH LAINNYA', 6, '1.3.4.02.05', NULL, NULL),
(786, '1.3.4.02.06', 'BANGUNAN AIR BERSIH/AIR BAKU', 5, '1.3.4.02', NULL, NULL),
(787, '1.3.4.02.06.01', 'BANGUNAN WADUK AIR BERSIH/AIR BAKU', 6, '1.3.4.02.06', NULL, NULL),
(788, '1.3.4.02.06.02', 'BANGUNAN PENGAMBILAN AIR BERSIH/AIR BAKU', 6, '1.3.4.02.06', NULL, NULL),
(789, '1.3.4.02.06.03', 'BANGUNAN PEMBAWA AIR BERSIH/AIR BAKU', 6, '1.3.4.02.06', NULL, NULL),
(790, '1.3.4.02.06.04', 'BANGUNAN PEMBUANG AIR BERSIH/AIR BAKU', 6, '1.3.4.02.06', NULL, NULL),
(791, '1.3.4.02.06.05', 'BANGUNAN PELENGKAP AIR BERSIH/AIR BAKU', 6, '1.3.4.02.06', NULL, NULL),
(792, '1.3.4.02.06.06', 'BANGUNAN AIR BERSIH/AIR BAKU LAINNYA', 6, '1.3.4.02.06', NULL, NULL),
(793, '1.3.4.02.07', 'BANGUNAN AIR KOTOR', 5, '1.3.4.02', NULL, NULL),
(794, '1.3.4.02.07.01', 'BANGUNAN PEMBAWA AIR KOTOR', 6, '1.3.4.02.07', NULL, NULL),
(795, '1.3.4.02.07.02', 'BANGUNAN WADUK AIR KOTOR', 6, '1.3.4.02.07', NULL, NULL),
(796, '1.3.4.02.07.03', 'BANGUNAN PEMBUANG AIR KOTOR', 6, '1.3.4.02.07', NULL, NULL),
(797, '1.3.4.02.07.04', 'BANGUNAN PENGAMAN AIR KOTOR', 6, '1.3.4.02.07', NULL, NULL),
(798, '1.3.4.02.07.05', 'BANGUNAN PELENGKAP AIR KOTOR', 6, '1.3.4.02.07', NULL, NULL),
(799, '1.3.4.02.07.06', 'BANGUNAN AIR KOTOR LAINNYA', 6, '1.3.4.02.07', NULL, NULL),
(800, '1.3.4.03', 'INSTALASI', 4, '1.3.4', NULL, NULL),
(801, '1.3.4.03.01', 'INSTALASI AIR BERSIH / AIR BAKU', 5, '1.3.4.03', NULL, NULL),
(802, '1.3.4.03.01.01', 'INSTALASI AIR PERMUKAAN', 6, '1.3.4.03.01', NULL, NULL),
(803, '1.3.4.03.01.02', 'INSTALASI AIR SUMBER / MATA AIR', 6, '1.3.4.03.01', NULL, NULL),
(804, '1.3.4.03.01.03', 'INSTALASI AIR TANAH DALAM', 6, '1.3.4.03.01', NULL, NULL),
(805, '1.3.4.03.01.04', 'INSTALASI AIR TANAH DANGKAL', 6, '1.3.4.03.01', NULL, NULL),
(806, '1.3.4.03.01.05', 'INSTALASI AIR BERSIH / AIR BAKU LAINNYA', 6, '1.3.4.03.01', NULL, NULL),
(807, '1.3.4.03.02', 'INSTALASI AIR KOTOR', 5, '1.3.4.03', NULL, NULL),
(808, '1.3.4.03.02.01', 'INSTALASI AIR BUANGAN DOMESTIK', 6, '1.3.4.03.02', NULL, NULL),
(809, '1.3.4.03.02.02', 'INSTALASI AIR BUANGAN INDUSTRI', 6, '1.3.4.03.02', NULL, NULL),
(810, '1.3.4.03.02.03', 'INSTALASI AIR BUANGAN PERTANIAN', 6, '1.3.4.03.02', NULL, NULL),
(811, '1.3.4.03.02.04', 'INSTALASI AIR KOTOR LAINNYA', 6, '1.3.4.03.02', NULL, NULL),
(812, '1.3.4.03.03', 'INSTALASI PENGOLAHAN SAMPAH', 5, '1.3.4.03', NULL, NULL),
(813, '1.3.4.03.03.01', 'INSTALASI PENGOLAHAN SAMPAH ORGANIK', 6, '1.3.4.03.03', NULL, NULL),
(814, '1.3.4.03.03.02', 'INSTALASI PENGOLAHAN SAMPAH NON ORGANIK', 6, '1.3.4.03.03', NULL, NULL),
(815, '1.3.4.03.03.03', 'BANGUNAN PENAMPUNG SAMPAH', 6, '1.3.4.03.03', NULL, NULL),
(816, '1.3.4.03.03.04', 'INSTALASI PENGOLAHAN SAMPAH LAINNYA', 6, '1.3.4.03.03', NULL, NULL),
(817, '1.3.4.03.04', 'INSTALASI PENGOLAHAN BAHAN BANGUNAN', 5, '1.3.4.03', NULL, NULL),
(818, '1.3.4.03.04.01', 'INSTALASI PENGOLAHAN BAHAN BANGUNAN PERCONTOHAN', 6, '1.3.4.03.04', NULL, NULL),
(819, '1.3.4.03.04.02', 'INSTALASI PENGOLAHAN BAHAN BANGUNAN PERINTIS', 6, '1.3.4.03.04', NULL, NULL),
(820, '1.3.4.03.04.03', 'INSTALASI PENGOLAHAN BAHAN BANGUNAN TERAPAN', 6, '1.3.4.03.04', NULL, NULL),
(821, '1.3.4.03.04.04', 'INSTALASI PENGOLAHAN BAHAN BANGUNAN LAINNYA', 6, '1.3.4.03.04', NULL, NULL),
(822, '1.3.4.03.05', 'INSTALASI PEMBANGKIT LISTRIK', 5, '1.3.4.03', NULL, NULL),
(823, '1.3.4.03.05.01', 'INSTALASI PEMBANGKIT LISTRIK TENAGA AIR (PLTA)', 6, '1.3.4.03.05', NULL, NULL),
(824, '1.3.4.03.05.02', 'INSTALASI PEMBANGKIT LISTRIK TENAGA DIESEL (PLTD)', 6, '1.3.4.03.05', NULL, NULL),
(825, '1.3.4.03.05.03', 'INSTALASI PEMBANGKIT LISTRIK TENAGA MIKRO HIDRO (PLTM)', 6, '1.3.4.03.05', NULL, NULL),
(826, '1.3.4.03.05.04', 'INSTALASI PEMBANGKIT LISTRIK TENAGA ANGIN (PLTAN)', 6, '1.3.4.03.05', NULL, NULL),
(827, '1.3.4.03.05.05', 'INSTALASI PEMBANGKIT LISTRIK TENAGA UAP (PLTU)', 6, '1.3.4.03.05', NULL, NULL),
(828, '1.3.4.03.05.06', 'INSTALASI PEMBANGKIT LISTRIK TENAGA NUKLIR (PLTN)', 6, '1.3.4.03.05', NULL, NULL),
(829, '1.3.4.03.05.07', 'INSTALASI PEMBANGKIT LISTRIK TENAGA GAS (PLTG)', 6, '1.3.4.03.05', NULL, NULL),
(830, '1.3.4.03.05.08', 'INSTALASI PEMBANGKIT LISTRIK TENAGA PANAS BUMI (PLTP)', 6, '1.3.4.03.05', NULL, NULL),
(831, '1.3.4.03.05.09', 'INSTALASI PEMBANGKIT LISTRIK TENAGA SURYA (PLTS)', 6, '1.3.4.03.05', NULL, NULL),
(832, '1.3.4.03.05.10', 'INSTALASI PEMBANGKIT LISTRIK TENAGA BIOGAS (PLTB)', 6, '1.3.4.03.05', NULL, NULL),
(833, '1.3.4.03.05.11', 'INSTALASI PEMBANGKIT LISTRIK TENAGA SAMUDERA / GELOMBANG SAMUDERA', 6, '1.3.4.03.05', NULL, NULL),
(834, '1.3.4.03.05.12', 'INSTALASI PEMBANGKIT LISTRIK LAINNYA', 6, '1.3.4.03.05', NULL, NULL),
(835, '1.3.4.03.06', 'INSTALASI GARDU LISTRIK', 5, '1.3.4.03', NULL, NULL),
(836, '1.3.4.03.06.01', 'INSTALASI GARDU LISTRIK INDUK', 6, '1.3.4.03.06', NULL, NULL),
(837, '1.3.4.03.06.02', 'INSTALASI GARDU LISTRIK DISTRIBUSI', 6, '1.3.4.03.06', NULL, NULL),
(838, '1.3.4.03.06.03', 'INSTALASI PUSAT PENGATUR LISTRIK', 6, '1.3.4.03.06', NULL, NULL),
(839, '1.3.4.03.06.04', 'INSTALASI GARDU LISTRIK LAINNYA', 6, '1.3.4.03.06', NULL, NULL),
(840, '1.3.4.03.07', 'INSTALASI PERTAHANAN', 5, '1.3.4.03', NULL, NULL),
(841, '1.3.4.03.07.01', 'INSTALASI PERTAHANAN DI DARAT', 6, '1.3.4.03.07', NULL, NULL),
(842, '1.3.4.03.07.02', 'INSTALASI PERTAHANAN LAINNYA', 6, '1.3.4.03.07', NULL, NULL),
(843, '1.3.4.03.08', 'INSTALASI GAS', 5, '1.3.4.03', NULL, NULL),
(844, '1.3.4.03.08.01', 'INSTALASI GARDU GAS', 6, '1.3.4.03.08', NULL, NULL),
(845, '1.3.4.03.08.02', 'INSTALASI JARINGAN PIPA GAS', 6, '1.3.4.03.08', NULL, NULL),
(846, '1.3.4.03.08.03', 'INSTALASI PENGOLAHAN GAS', 6, '1.3.4.03.08', NULL, NULL),
(847, '1.3.4.03.08.04', 'INSTALASI GAS LAINNYA', 6, '1.3.4.03.08', NULL, NULL),
(848, '1.3.4.03.09', 'INSTALASI PENGAMAN', 5, '1.3.4.03', NULL, NULL),
(849, '1.3.4.03.09.01', 'INSTALASI PENGAMAN PENANGKAL PETIR', 6, '1.3.4.03.09', NULL, NULL),
(850, '1.3.4.03.09.02', 'INSTALASI REAKTOR NUKLIR', 6, '1.3.4.03.09', NULL, NULL),
(851, '1.3.4.03.09.03', 'INSTALASI PENGOLAHAN LIMBAH RADIO AKTIF', 6, '1.3.4.03.09', NULL, NULL),
(852, '1.3.4.03.09.04', 'INSTALASI PENGAMAN LAINNYA', 6, '1.3.4.03.09', NULL, NULL),
(853, '1.3.4.03.10', 'INSTALASI LAIN', 5, '1.3.4.03', NULL, NULL),
(854, '1.3.4.03.10.01', 'INSTALASI LAIN', 6, '1.3.4.03.10', NULL, NULL),
(855, '1.3.4.04', 'JARINGAN', 4, '1.3.4', NULL, NULL),
(856, '1.3.4.04.01', 'JARINGAN AIR MINUM', 5, '1.3.4.04', NULL, NULL),
(857, '1.3.4.04.01.01', 'JARINGAN PEMBAWA', 6, '1.3.4.04.01', NULL, NULL),
(858, '1.3.4.04.01.02', 'JARINGAN INDUK DISTRIBUSI', 6, '1.3.4.04.01', NULL, NULL),
(859, '1.3.4.04.01.03', 'JARINGAN CABANG DISTRIBUSI', 6, '1.3.4.04.01', NULL, NULL),
(860, '1.3.4.04.01.04', 'JARINGAN SAMBUNGAN KE RUMAH', 6, '1.3.4.04.01', NULL, NULL),
(861, '1.3.4.04.01.05', 'JARINGAN AIR MINUM LAINNYA', 6, '1.3.4.04.01', NULL, NULL),
(862, '1.3.4.04.02', 'JARINGAN LISTRIK', 5, '1.3.4.04', NULL, NULL),
(863, '1.3.4.04.02.01', 'JARINGAN TRANSMISI', 6, '1.3.4.04.02', NULL, NULL),
(864, '1.3.4.04.02.02', 'JARINGAN DISTRIBUSI', 6, '1.3.4.04.02', NULL, NULL),
(865, '1.3.4.04.02.03', 'JARINGAN LISTRIK LAINNYA', 6, '1.3.4.04.02', NULL, NULL),
(866, '1.3.4.04.03', 'JARINGAN TELEPON', 5, '1.3.4.04', NULL, NULL),
(867, '1.3.4.04.03.01', 'JARINGAN TELEPON DIATAS TANAH', 6, '1.3.4.04.03', NULL, NULL),
(868, '1.3.4.04.03.02', 'JARINGAN TELEPON DIBAWAH TANAH', 6, '1.3.4.04.03', NULL, NULL),
(869, '1.3.4.04.03.03', 'JARINGAN TELEPON DIDALAM AIR', 6, '1.3.4.04.03', NULL, NULL),
(870, '1.3.4.04.03.04', 'JARINGAN DENGAN MEDIA UDARA', 6, '1.3.4.04.03', NULL, NULL),
(871, '1.3.4.04.03.05', 'JARINGAN TELEPON LAINNYA', 6, '1.3.4.04.03', NULL, NULL),
(872, '1.3.4.04.04', 'JARINGAN GAS', 5, '1.3.4.04', NULL, NULL),
(873, '1.3.4.04.04.01', 'JARINGAN PIPA GAS TRANSMISI', 6, '1.3.4.04.04', NULL, NULL),
(874, '1.3.4.04.04.02', 'JARINGAN PIPA DISTRIBUSI', 6, '1.3.4.04.04', NULL, NULL),
(875, '1.3.4.04.04.03', 'JARINGAN PIPA DINAS', 6, '1.3.4.04.04', NULL, NULL),
(876, '1.3.4.04.04.04', 'JARINGAN BBM', 6, '1.3.4.04.04', NULL, NULL),
(877, '1.3.4.04.04.05', 'JARINGAN GAS LAINNYA', 6, '1.3.4.04.04', NULL, NULL),
(878, '1.3.4.05', 'ALAT KANTOR DAN RUMAH TANGGA', 4, '1.3.4', NULL, NULL),
(879, '1.3.4.05.02', 'ALAT RUMAH TANGGA', 5, '1.3.4.05', NULL, NULL),
(880, '1.3.4.05.02.06', 'ALAT RUMAH TANGGA LAINNYA (HOME USE)', 6, '1.3.4.05.02', NULL, NULL),
(881, '1.3.4.07', 'ALAT KEDOKTERAN DAN KESEHATAN', 4, '1.3.4', NULL, NULL),
(882, '1.3.4.07.01', 'ALAT KEDOKTERAN', 5, '1.3.4.07', NULL, NULL),
(883, '1.3.4.07.01.01', 'ALAT KEDOKTERAN UMUM', 6, '1.3.4.07.01', NULL, NULL),
(884, '1.3.4.07.01.06', 'ALAT KEDOKTERAN THT', 6, '1.3.4.07.01', NULL, NULL),
(885, '1.3.4.07.01.08', 'ALAT KEDOKTERAN BAGIAN PENYAKIT DALAM', 6, '1.3.4.07.01', NULL, NULL),
(886, '1.3.4.07.01.14', 'ALAT KEDOKTERAN JANTUNG', 6, '1.3.4.07.01', NULL, NULL),
(887, '1.3.4.07.01.21', 'ALAT KEDOKTERAN GAWAT DARURAT', 6, '1.3.4.07.01', NULL, NULL),
(888, '1.3.5', 'ASET TETAP LAINNYA', 3, '1.3', NULL, NULL),
(889, '1.3.5.01', 'BAHAN PERPUSTAKAAN', 4, '1.3.5', NULL, NULL),
(890, '1.3.5.01.01', 'BAHAN PERPUSTAKAAN TERCETAK', 5, '1.3.5.01', NULL, NULL),
(891, '1.3.5.01.01.01', 'BUKU UMUM', 6, '1.3.5.01.01', NULL, NULL),
(892, '1.3.5.01.01.02', 'BUKU FILSAFAT', 6, '1.3.5.01.01', NULL, NULL),
(893, '1.3.5.01.01.03', 'BUKU AGAMA', 6, '1.3.5.01.01', NULL, NULL),
(894, '1.3.5.01.01.04', 'BUKU ILMU SOSIAL', 6, '1.3.5.01.01', NULL, NULL),
(895, '1.3.5.01.01.05', 'BUKU ILMU BAHASA', 6, '1.3.5.01.01', NULL, NULL),
(896, '1.3.5.01.01.06', 'BUKU MATEMATIKA DAN PENGETAHUAN ALAM', 6, '1.3.5.01.01', NULL, NULL),
(897, '1.3.5.01.01.07', 'BUKU ILMU PENGETAHUAN PRAKTIS', 6, '1.3.5.01.01', NULL, NULL),
(898, '1.3.5.01.01.08', 'BUKU ARSITEKTUR, KESENIAN, OLAH RAGA', 6, '1.3.5.01.01', NULL, NULL),
(899, '1.3.5.01.01.09', 'BUKU GEOGRAFI, BIOGRAFI, SEJARAH', 6, '1.3.5.01.01', NULL, NULL),
(900, '1.3.5.01.01.10', 'SERIAL', 6, '1.3.5.01.01', NULL, NULL),
(901, '1.3.5.01.01.11', 'BUKU LAPORAN', 6, '1.3.5.01.01', NULL, NULL),
(902, '1.3.5.01.01.12', 'BAHAN PERPUSTAKAAN TERCETAK LAINNYA', 6, '1.3.5.01.01', NULL, NULL),
(903, '1.3.5.01.02', 'BAHAN PERPUSTAKAAN TEREKAM DAN BENTUK MIKRO', 5, '1.3.5.01', NULL, NULL),
(904, '1.3.5.01.02.01', 'AUDIO VISUAL', 6, '1.3.5.01.02', NULL, NULL),
(905, '1.3.5.01.02.02', 'BENTUK MIKRO (MICROFORM)', 6, '1.3.5.01.02', NULL, NULL),
(906, '1.3.5.01.02.03', 'TEREKAM DAN BENTUK MIKRO LAINNYA', 6, '1.3.5.01.02', NULL, NULL),
(907, '1.3.5.01.03', 'KARTOGRAFI, NASKAH DAN LUKISAN', 5, '1.3.5.01', NULL, NULL),
(908, '1.3.5.01.03.01', 'BAHAN KARTOGRAFI', 6, '1.3.5.01.03', NULL, NULL),
(909, '1.3.5.01.03.02', 'NASKAH (MANUSKRIP) / ASLI', 6, '1.3.5.01.03', NULL, NULL),
(910, '1.3.5.01.03.03', 'LUKISAN DAN UKIRAN', 6, '1.3.5.01.03', NULL, NULL),
(911, '1.3.5.01.03.04', 'KARTOGRAFI, NASKAH DAN LUKISAN LAINNYA', 6, '1.3.5.01.03', NULL, NULL),
(912, '1.3.5.01.04', 'MUSIK', 5, '1.3.5.01', NULL, NULL),
(913, '1.3.5.01.04.01', 'KARYA MUSIK', 6, '1.3.5.01.04', NULL, NULL),
(914, '1.3.5.01.04.02', 'MUSIK LAINNYA', 6, '1.3.5.01.04', NULL, NULL),
(915, '1.3.5.01.05', 'KARYA GRAFIKA (GRAPHIC MATERIAL)', 5, '1.3.5.01', NULL, NULL),
(916, '1.3.5.01.05.01', 'KARYA GRAFIKA (GRAPHIC MATERIAL)', 6, '1.3.5.01.05', NULL, NULL),
(917, '1.3.5.01.05.02', 'KARYA GRAFIKA (GRAPHIC MATERIAL) LAINNYA', 6, '1.3.5.01.05', NULL, NULL),
(918, '1.3.5.01.06', 'THREE DIMENSIONAL ARTEFACS AND REALITA', 5, '1.3.5.01', NULL, NULL),
(919, '1.3.5.01.06.01', 'THREE DIMENSIONAL ARTEFACS AND REALITA', 6, '1.3.5.01.06', NULL, NULL),
(920, '1.3.5.01.06.02', 'THREE DIMENSIONAL ARTEFACS AND REALITA LAINNYA', 6, '1.3.5.01.06', NULL, NULL),
(921, '1.3.5.01.07', 'TARSCALT', 5, '1.3.5.01', NULL, NULL),
(922, '1.3.5.01.07.01', 'TARSCALT', 6, '1.3.5.01.07', NULL, NULL),
(923, '1.3.5.01.07.02', 'TARSCALT LAINNYA', 6, '1.3.5.01.07', NULL, NULL),
(924, '1.3.5.02', 'BARANG BERCORAK KESENIAN/KEBUDAYAAN/OLAHRAGA', 4, '1.3.5', NULL, NULL),
(925, '1.3.5.02.01', 'BARANG BERCORAK KESENIAN', 5, '1.3.5.02', NULL, NULL),
(926, '1.3.5.02.01.01', 'ALAT MUSIK', 6, '1.3.5.02.01', NULL, NULL),
(927, '1.3.5.02.01.02', 'LUKISAN', 6, '1.3.5.02.01', NULL, NULL),
(928, '1.3.5.02.01.03', 'ALAT PERAGA KESENIAN', 6, '1.3.5.02.01', NULL, NULL),
(929, '1.3.5.02.01.04', 'BARANG BERCORAK KESENIAN LAINNYA', 6, '1.3.5.02.01', NULL, NULL),
(930, '1.3.5.02.02', 'ALAT BERCORAK KEBUDAYAAN', 5, '1.3.5.02', NULL, NULL),
(931, '1.3.5.02.02.01', 'PAHATAN', 6, '1.3.5.02.02', NULL, NULL),
(932, '1.3.5.02.02.02', 'MAKET, MINIATUR, REPLIKA, FOTO DOKUMEN DAN BENDA BERSEJARAH', 6, '1.3.5.02.02', NULL, NULL),
(933, '1.3.5.02.02.03', 'BARANG KERAJINAN', 6, '1.3.5.02.02', NULL, NULL),
(934, '1.3.5.02.02.04', 'ALAT BERCORAK KEBUDAYAAN LAINNYA', 6, '1.3.5.02.02', NULL, NULL),
(935, '1.3.5.02.03', 'TANDA PENGHARGAAN', 5, '1.3.5.02', NULL, NULL),
(936, '1.3.5.02.03.01', 'TANDA PENGHARGAAN BIDANG OLAH RAGA', 6, '1.3.5.02.03', NULL, NULL),
(937, '1.3.5.02.03.02', 'TANDA PENGHARGAAN BIDANG LAINNYA', 6, '1.3.5.02.03', NULL, NULL),
(938, '1.3.5.03', 'HEWAN', 4, '1.3.5', NULL, NULL),
(939, '1.3.5.03.01', 'HEWAN PIARAAN', 5, '1.3.5.03', NULL, NULL),
(940, '1.3.5.03.01.01', 'HEWAN PENGAMAN', 6, '1.3.5.03.01', NULL, NULL),
(941, '1.3.5.03.01.02', 'HEWAN PENGANGKUT', 6, '1.3.5.03.01', NULL, NULL),
(942, '1.3.5.03.01.03', 'HEWAN KEBUN BINATANG', 6, '1.3.5.03.01', NULL, NULL),
(943, '1.3.5.03.01.04', 'HEWAN PIARAAN LAINNYA', 6, '1.3.5.03.01', NULL, NULL),
(944, '1.3.5.03.02', 'TERNAK', 5, '1.3.5.03', NULL, NULL),
(945, '1.3.5.03.02.01', 'TERNAK POTONG', 6, '1.3.5.03.02', NULL, NULL),
(946, '1.3.5.03.02.02', 'TERNAK PERAH', 6, '1.3.5.03.02', NULL, NULL),
(947, '1.3.5.03.02.03', 'TERNAK UNGGAS', 6, '1.3.5.03.02', NULL, NULL),
(948, '1.3.5.03.02.04', 'TERNAK LAINNYA', 6, '1.3.5.03.02', NULL, NULL),
(949, '1.3.5.03.03', 'HEWAN LAINNYA', 5, '1.3.5.03', NULL, NULL),
(950, '1.3.5.03.03.01', 'HEWAN LAINNYA', 6, '1.3.5.03.03', NULL, NULL),
(951, '1.3.5.04', 'BIOTA PERAIRAN', 4, '1.3.5', NULL, NULL),
(952, '1.3.5.04.01', 'IKAN BERSIRIP (PISCES/IKAN BERSIRIP)', 5, '1.3.5.04', NULL, NULL),
(953, '1.3.5.04.01.01', 'IKAN BUDIDAYA', 6, '1.3.5.04.01', NULL, NULL),
(954, '1.3.5.04.02', 'CRUSTEA (UDANG, RAJUNGAN, KEPITING, DAN SEBANGSANYA)', 5, '1.3.5.04', NULL, NULL),
(955, '1.3.5.04.02.01', 'CRUSTEA BUDIDAYA (UDANG, RAJUNGAN, KEPITING, DAN SEBANGSANYA)', 6, '1.3.5.04.02', NULL, NULL),
(956, '1.3.5.04.03', 'MOLLUSCA (KERANG, TIRAM, CUMI-CUMI, GURITA, SIPUT, DAN SEBANGSANYA)', 5, '1.3.5.04', NULL, NULL),
(957, '1.3.5.04.03.01', 'MOLLUSCA BUDIDAYA (KERANG, TIRAM, CUMI-CUMI, GURITA, SIPUT, DAN SEBANGSANYA)', 6, '1.3.5.04.03', NULL, NULL),
(958, '1.3.5.04.04', 'COELENTERATA (UBUR-UBUR DAN SEBANGSANYA)', 5, '1.3.5.04', NULL, NULL),
(959, '1.3.5.04.04.01', 'COELENTERATA BUDIDAYA (UBUR-UBUR DAN SEBANGSANYA)', 6, '1.3.5.04.04', NULL, NULL),
(960, '1.3.5.04.05', 'ECHINODERMATA (TRIPANG, BULU BABI, DAN SEBANGSANYA)', 5, '1.3.5.04', NULL, NULL),
(961, '1.3.5.04.05.01', 'ECHINODERMATA BUDIDAYA (TRIPANG, BULU BABI, DAN SEBANGSANYA)', 6, '1.3.5.04.05', NULL, NULL),
(962, '1.3.5.04.06', 'AMPHIBIA (KODOK DAN SEBANGSANYA)', 5, '1.3.5.04', NULL, NULL),
(963, '1.3.5.04.06.01', 'AMPHIBIA BUDIDAYA (KODOK DAN SEBANGSANYA)', 6, '1.3.5.04.06', NULL, NULL),
(964, '1.3.5.04.07', 'REPTILIA (BUAYA, PENYU, KURA-KURA, BIAWAK, ULAR AIR, DAN SEBANGSANYA', 5, '1.3.5.04', NULL, NULL),
(965, '1.3.5.04.07.01', 'REPTILIA BUDIDAYA (BUAYA, PENYU, KURA-KURA, BIAWAK, ULAR AIR, DAN SEBANGSANYA)', 6, '1.3.5.04.07', NULL, NULL),
(966, '1.3.5.04.08', 'MAMMALIA (PAUS, LUMBA-LUMBA, PESUT, DUYUNG, DAN SEBANGSANYA)', 5, '1.3.5.04', NULL, NULL),
(967, '1.3.5.04.08.01', 'MAMMALIA BUDIDAYA (PAUS, LUMBA-LUMBA, PESUT, DUYUNG, DAN SEBANGSANYA)', 6, '1.3.5.04.08', NULL, NULL),
(968, '1.3.5.04.09', 'ALGAE (RUMPUT LAUT DAN TUMBUH-TUMBUHAN LAIN YANG HIDUP DI DALAM AIR)', 5, '1.3.5.04', NULL, NULL),
(969, '1.3.5.04.09.01', 'ALGAE BUDIDAYA (RUMPUT LAUT DAN TUMBUH-TUMBUHAN LAIN YANG HIDUP DI DALAM AIR)', 6, '1.3.5.04.09', NULL, NULL),
(970, '1.3.5.04.10', 'BIOTA PERAIRAN LAINNYA', 5, '1.3.5.04', NULL, NULL),
(971, '1.3.5.04.10.01', 'BUDIDAYA BIOTA PERAIRAN LAINNYA', 6, '1.3.5.04.10', NULL, NULL),
(972, '1.3.5.05', 'TANAMAN', 4, '1.3.5', NULL, NULL),
(973, '1.3.5.05.01', 'TANAMAN', 5, '1.3.5.05', NULL, NULL),
(974, '1.3.5.05.01.01', 'TANAMAN', 6, '1.3.5.05.01', NULL, NULL),
(975, '1.3.5.06', 'BARANG KOLEKSI NON BUDAYA', 4, '1.3.5', NULL, NULL),
(976, '1.3.5.06.01', 'BARANG KOLEKSI NON BUDAYA', 5, '1.3.5.06', NULL, NULL),
(977, '1.3.5.06.01.01', 'HEWAN KOLEKSI', 6, '1.3.5.06.01', NULL, NULL),
(978, '1.3.5.06.01.02', 'BIOTA PERAIRAN KOLEKSI', 6, '1.3.5.06.01', NULL, NULL),
(979, '1.3.5.06.01.03', 'TANAMAN KOLEKSI', 6, '1.3.5.06.01', NULL, NULL),
(980, '1.3.5.06.01.04', 'MIKROBA KOLEKSI', 6, '1.3.5.06.01', NULL, NULL),
(981, '1.3.5.06.01.05', 'BATUAN KOLEKSI', 6, '1.3.5.06.01', NULL, NULL),
(982, '1.3.5.06.01.06', 'FOSIL', 6, '1.3.5.06.01', NULL, NULL),
(983, '1.3.5.06.01.07', 'BARANG KOLEKSI NON BUDAYA LAINNYA', 6, '1.3.5.06.01', NULL, NULL),
(984, '1.3.5.07', 'ASET TETAP DALAM RENOVASI', 4, '1.3.5', NULL, NULL),
(985, '1.3.5.07.01', 'ASET TETAP DALAM RENOVASI', 5, '1.3.5.07', NULL, NULL),
(986, '1.3.5.07.01.01', 'ASET TETAP DALAM RENOVASI', 6, '1.3.5.07.01', NULL, NULL),
(987, '1.3.5.15', 'ASET TIDAK BERWUJUD', 4, '1.3.5', NULL, NULL),
(988, '1.3.5.15.01', 'ASET TIDAK BERWUJUD', 5, '1.3.5.15', NULL, NULL),
(989, '1.3.5.15.01.06', 'KAJIAN', 6, '1.3.5.15.01', NULL, NULL),
(990, '1.3.6', 'KONSTRUKSI DALAM PENGERJAAN', 3, '1.3', NULL, NULL),
(991, '1.3.6.01', 'KONSTRUKSI DALAM PENGERJAAN', 4, '1.3.6', NULL, NULL),
(992, '1.3.6.01.01', 'KONSTRUKSI DALAM PENGERJAAN', 5, '1.3.6.01', NULL, NULL),
(993, '1.3.6.01.01.01', 'KONSTRUKSI DALAM PENGERJAAN', 6, '1.3.6.01.01', NULL, NULL),
(994, '1.3.7', 'AKUMULASI PENYUSUTAN', 3, '1.3', NULL, NULL),
(995, '1.3.7.01', 'AKUMULASI PENYUSUTAN PERALATAN DAN MESIN', 4, '1.3.7', NULL, NULL),
(996, '1.3.7.01.01', 'AKUMULASI PENYUSUTAN ALAT BESAR', 5, '1.3.7.01', NULL, NULL),
(997, '1.3.7.01.01.01', 'AKUMULASI PENYUSUTAN ALAT BESAR DARAT', 6, '1.3.7.01.01', NULL, NULL),
(998, '1.3.7.01.01.02', 'AKUMULASI PENYUSUTAN ALAT BESAR APUNG', 6, '1.3.7.01.01', NULL, NULL),
(999, '1.3.7.01.01.03', 'AKUMULASI PENYUSUTAN ALAT BANTU', 6, '1.3.7.01.01', NULL, NULL),
(1000, '1.3.7.01.02', 'AKUMULASI PENYUSUTAN ALAT ANGKUTAN', 5, '1.3.7.01', NULL, NULL),
(1001, '1.3.7.01.02.01', 'AKUMULASI PENYUSUTAN ALAT ANGKUTAN DARAT BERMOTOR', 6, '1.3.7.01.02', NULL, NULL),
(1002, '1.3.7.01.02.02', 'AKUMULASI PENYUSUTAN ALAT ANGKUTAN DARAT TAK BERMOTOR', 6, '1.3.7.01.02', NULL, NULL),
(1003, '1.3.7.01.02.03', 'AKUMULASI PENYUSUTAN ALAT APUNG BERMOTOR', 6, '1.3.7.01.02', NULL, NULL),
(1004, '1.3.7.01.02.04', 'AKUMULASI PENYUSUTAN ALAT ANGKUTAN APUNG TAK BERMOTOR', 6, '1.3.7.01.02', NULL, NULL),
(1005, '1.3.7.01.02.05', 'AKUMULASI PENYUSUTAN ALAT ANGKUTAN BERMOTOR UDARA', 6, '1.3.7.01.02', NULL, NULL),
(1006, '1.3.7.01.03', 'AKUMULASI PENYUSUTAN ALAT BENGKEL DAN ALAT UKUR', 5, '1.3.7.01', NULL, NULL),
(1007, '1.3.7.01.03.01', 'AKUMULASI PENYUSUTAN ALAT BENGKEL BERMESIN', 6, '1.3.7.01.03', NULL, NULL),
(1008, '1.3.7.01.03.02', 'AKUMULASI PENYUSUTAN ALAT BENGKEL TAK BERMESIN', 6, '1.3.7.01.03', NULL, NULL),
(1009, '1.3.7.01.03.03', 'AKUMULASI PENYUSUTAN ALAT UKUR', 6, '1.3.7.01.03', NULL, NULL),
(1010, '1.3.7.01.04', 'AKUMULASI PENYUSUTAN ALAT PERTANIAN', 5, '1.3.7.01', NULL, NULL),
(1011, '1.3.7.01.04.01', 'AKUMULASI PENYUSUTAN ALAT PENGOLAHAN', 6, '1.3.7.01.04', NULL, NULL),
(1012, '1.3.7.01.05', 'AKUMULASI PENYUSUTAN ALAT KANTOR & RUMAH TANGGA', 5, '1.3.7.01', NULL, NULL),
(1013, '1.3.7.01.05.01', 'AKUMULASI PENYUSUTAN ALAT KANTOR', 6, '1.3.7.01.05', NULL, NULL),
(1014, '1.3.7.01.05.02', 'AKUMULASI PENYUSUTAN ALAT RUMAH TANGGA', 6, '1.3.7.01.05', NULL, NULL),
(1015, '1.3.7.01.05.03', 'MEJA DAN KURSI KERJA/RAPAT PEJABAT', 6, '1.3.7.01.05', NULL, NULL),
(1016, '1.3.7.01.06', 'AKUMULASI PENYUSUTAN ALAT STUDIO, KOMUNIKASI DAN PEMANCAR', 5, '1.3.7.01', NULL, NULL),
(1017, '1.3.7.01.06.01', 'AKUMULASI PENYUSUTAN ALAT STUDIO', 6, '1.3.7.01.06', NULL, NULL),
(1018, '1.3.7.01.06.02', 'AKUMULASI PENYUSUTAN ALAT KOMUNIKASI', 6, '1.3.7.01.06', NULL, NULL),
(1019, '1.3.7.01.06.03', 'AKUMULASI PENYUSUTAN PERALATAN PEMANCAR', 6, '1.3.7.01.06', NULL, NULL),
(1020, '1.3.7.01.06.04', 'AKUMULASI PENYUSUTAN PERALATAN KOMUNIKASI NAVIGASI', 6, '1.3.7.01.06', NULL, NULL),
(1021, '1.3.7.01.07', 'AKUMULASI PENYUSUTAN ALAT KEDOKTERAN DAN KESEHATAN', 5, '1.3.7.01', NULL, NULL),
(1022, '1.3.7.01.07.01', 'AKUMULASI PENYUSUTAN ALAT KEDOKTERAN', 6, '1.3.7.01.07', NULL, NULL),
(1023, '1.3.7.01.07.02', 'AKUMULASI PENYUSUTAN ALAT KESEHATAN UMUM', 6, '1.3.7.01.07', NULL, NULL),
(1024, '1.3.7.01.08', 'AKUMULASI PENYUSUTAN ALAT LABORATORIUM', 5, '1.3.7.01', NULL, NULL),
(1025, '1.3.7.01.08.01', 'AKUMULASI PENYUSUTAN UNIT ALAT LABORATORIUM', 6, '1.3.7.01.08', NULL, NULL),
(1026, '1.3.7.01.08.02', 'AKUMULASI PENYUSUTAN UNIT ALAT LABORATORIUM KIMIA NUKLIR', 6, '1.3.7.01.08', NULL, NULL),
(1027, '1.3.7.01.08.03', 'AKUMULASI PENYUSUTAN ALAT PERAGA PRAKTEK SEKOLAH', 6, '1.3.7.01.08', NULL, NULL),
(1028, '1.3.7.01.08.04', 'AKUMULASI PENYUSUTAN ALAT LABORATORIUM FISIKA NUKLIR/ELEKTRONIKA', 6, '1.3.7.01.08', NULL, NULL),
(1029, '1.3.7.01.08.05', 'AKUMULASI PENYUSUTAN ALAT PROTEKSI RADIASI/PROTEKSI LINGKUNGAN', 6, '1.3.7.01.08', NULL, NULL),
(1030, '1.3.7.01.08.06', 'AKUMULASI PENYUSUTAN RADIATION APPLICATION AND NON DESTRUCTIVE TESTING LABORATORY', 6, '1.3.7.01.08', NULL, NULL),
(1031, '1.3.7.01.08.07', 'AKUMULASI PENYUSUTAN ALAT LABORATORIUM LINGKUNGAN HIDUP', 6, '1.3.7.01.08', NULL, NULL),
(1032, '1.3.7.01.08.08', 'AKUMULASI PENYUSUTAN PERALATAN LABORATORIUM HYDRODINAMICA', 6, '1.3.7.01.08', NULL, NULL),
(1033, '1.3.7.01.08.09', 'AKUMULASI PENYUSUTAN ALAT LABORATORIUM STANDARISASI KALIBRASI DAN INSTRUMENTASI', 6, '1.3.7.01.08', NULL, NULL),
(1034, '1.3.7.01.09', 'AKUMULASI PENYUSUTAN ALAT PERSENJATAAN', 5, '1.3.7.01', NULL, NULL),
(1035, '1.3.7.01.09.01', 'AKUMULASI PENYUSUTAN SENJATA API', 6, '1.3.7.01.09', NULL, NULL),
(1036, '1.3.7.01.09.02', 'AKUMULASI PENYUSUTAN PERSENJATAAN NON SENJATA API', 6, '1.3.7.01.09', NULL, NULL),
(1037, '1.3.7.01.09.03', 'AKUMULASI PENYUSUTAN SENJATA SINAR', 6, '1.3.7.01.09', NULL, NULL),
(1038, '1.3.7.01.09.04', 'AKUMULASI PENYUSUTAN ALAT KHUSUS KEPOLISIAN', 6, '1.3.7.01.09', NULL, NULL),
(1039, '1.3.7.01.10', 'AKUMULASI PENYUSUTAN KOMPUTER', 5, '1.3.7.01', NULL, NULL),
(1040, '1.3.7.01.10.01', 'AKUMULASI PENYUSUTAN KOMPUTER UNIT', 6, '1.3.7.01.10', NULL, NULL),
(1041, '1.3.7.01.10.02', 'AKUMULASI PENYUSUTAN PERALATAN KOMPUTER', 6, '1.3.7.01.10', NULL, NULL),
(1042, '1.3.7.01.11', 'AKUMULASI PENYUSUTAN ALAT EKSPLORASI', 5, '1.3.7.01', NULL, NULL),
(1043, '1.3.7.01.11.01', 'AKUMULASI PENYUSUTAN ALAT EKSPLORASI TOPOGRAFI', 6, '1.3.7.01.11', NULL, NULL),
(1044, '1.3.7.01.11.02', 'AKUMULASI PENYUSUTAN ALAT EKSPLORASI GEOFISIKA', 6, '1.3.7.01.11', NULL, NULL),
(1045, '1.3.7.01.12', 'AKUMULASI PENYUSUTAN ALAT PENGEBORAN', 5, '1.3.7.01', NULL, NULL),
(1046, '1.3.7.01.12.01', 'AKUMULASI PENYUSUTAN ALAT PENGEBORAN MESIN', 6, '1.3.7.01.12', NULL, NULL),
(1047, '1.3.7.01.12.02', 'AKUMULASI PENYUSUTAN ALAT PENGEBORAN NON MESIN', 6, '1.3.7.01.12', NULL, NULL),
(1048, '1.3.7.01.13', 'AKUMULASI PENYUSUTAN ALAT PRODUKSI, PENGOLAHAN DAN PEMURNIAN', 5, '1.3.7.01', NULL, NULL),
(1049, '1.3.7.01.13.01', 'AKUMULASI PENYUSUTAN SUMUR', 6, '1.3.7.01.13', NULL, NULL),
(1050, '1.3.7.01.13.02', 'AKUMULASI PENYUSUTAN PRODUKSI', 6, '1.3.7.01.13', NULL, NULL),
(1051, '1.3.7.01.13.03', 'AKUMULASI PENYUSUTAN PENGOLAHAN DAN PEMURNIAN', 6, '1.3.7.01.13', NULL, NULL),
(1052, '1.3.7.01.14', 'AKUMULASI PENYUSUTAN ALAT BANTU EKSPLORASI', 5, '1.3.7.01', NULL, NULL),
(1053, '1.3.7.01.14.01', 'AKUMULASI PENYUSUTAN ALAT BANTU EKSPLORASI', 6, '1.3.7.01.14', NULL, NULL),
(1054, '1.3.7.01.14.02', 'AKUMULASI PENYUSUTAN ALAT BANTU PRODUKSI', 6, '1.3.7.01.14', NULL, NULL),
(1055, '1.3.7.01.15', 'AKUMULASI PENYUSUTAN ALAT KESELAMATAN KERJA', 5, '1.3.7.01', NULL, NULL),
(1056, '1.3.7.01.15.01', 'AKUMULASI PENYUSUTAN ALAT DETEKSI', 6, '1.3.7.01.15', NULL, NULL),
(1057, '1.3.7.01.15.02', 'AKUMULASI PENYUSUTAN ALAT PELINDUNG', 6, '1.3.7.01.15', NULL, NULL),
(1058, '1.3.7.01.15.03', 'AKUMULASI PENYUSUTAN ALAT SAR', 6, '1.3.7.01.15', NULL, NULL),
(1059, '1.3.7.01.15.04', 'AKUMULASI PENYUSUTAN KERJA PENERBANGAN', 6, '1.3.7.01.15', NULL, NULL),
(1060, '1.3.7.01.16', 'AKUMULASI PENYUSUTAN ALAT PERAGA', 5, '1.3.7.01', NULL, NULL),
(1061, '1.3.7.01.16.01', 'AKUMULASI PENYUSUTAN ALAT PERAGA PELATIHAN DAN PERCONTOHAN', 6, '1.3.7.01.16', NULL, NULL),
(1062, '1.3.7.01.17', 'AKUMULASI PENYUSUTAN PERALATAN PROSES/PRODUKSI', 5, '1.3.7.01', NULL, NULL),
(1063, '1.3.7.01.17.01', 'AKUMULASI PENYUSUTAN PERALATAN PROSES/PRODUKSI', 6, '1.3.7.01.17', NULL, NULL),
(1064, '1.3.7.01.18', 'AKUMULASI PENYUSUTAN RAMBU -RAMBU', 5, '1.3.7.01', NULL, NULL),
(1065, '1.3.7.01.18.01', 'AKUMULASI PENYUSUTAN RAMBU-RAMBU LALU LINTAS DARAT', 6, '1.3.7.01.18', NULL, NULL),
(1066, '1.3.7.01.18.02', 'AKUMULASI PENYUSUTAN RAMBU-RAMBU LALU LINTAS UDARA', 6, '1.3.7.01.18', NULL, NULL),
(1067, '1.3.7.01.18.03', 'AKUMULASI PENYUSUTAN RAMBU-RAMBU LALU LINTAS LAUT', 6, '1.3.7.01.18', NULL, NULL),
(1068, '1.3.7.01.19', 'AKUMULASI PENYUSUTAN PERALATAN OLAH RAGA', 5, '1.3.7.01', NULL, NULL),
(1069, '1.3.7.01.19.01', 'AKUMULASI PENYUSUTAN PERALATAN OLAH RAGA', 6, '1.3.7.01.19', NULL, NULL),
(1070, '1.3.7.02', 'AKUMULASI PENYUSUTAN GEDUNG DAN BANGUNAN', 4, '1.3.7', NULL, NULL),
(1071, '1.3.7.02.01', 'AKUMULASI PENYUSUTAN BANGUNAN GEDUNG', 5, '1.3.7.02', NULL, NULL),
(1072, '1.3.7.02.01.01', 'AKUMULASI PENYUSUTAN BANGUNAN GEDUNG TEMPAT KERJA', 6, '1.3.7.02.01', NULL, NULL),
(1073, '1.3.7.02.01.02', 'AKUMULASI PENYUSUTAN BANGUNAN GEDUNG TEMPAT TINGGAL', 6, '1.3.7.02.01', NULL, NULL),
(1074, '1.3.7.02.02', 'AKUMULASI PENYUSUTAN MONUMEN', 5, '1.3.7.02', NULL, NULL),
(1075, '1.3.7.02.02.01', 'AKUMULASI PENYUSUTAN CANDI/TUGU PERINGATAN/PRASASTI', 6, '1.3.7.02.02', NULL, NULL),
(1076, '1.3.7.02.03', 'AKUMULASI PENYUSUTAN BANGUNAN MENARA', 5, '1.3.7.02', NULL, NULL),
(1077, '1.3.7.02.03.01', 'AKUMULASI PENYUSUTAN BANGUNAN MENARA PERAMBUAN', 6, '1.3.7.02.03', NULL, NULL),
(1078, '1.3.7.02.04', 'AKUMULASI PENYUSUTAN TUGU TITIK KONTROL/PASTI', 5, '1.3.7.02', NULL, NULL),
(1079, '1.3.7.02.04.01', 'AKUMULASI PENYUSUTAN TUGU/TANDA BATAS', 6, '1.3.7.02.04', NULL, NULL),
(1080, '1.3.7.02.05', 'AKUMULASI PENYUSUTAN ALAT KANTOR & RUMAH TANGGA', 5, '1.3.7.02', NULL, NULL),
(1081, '1.3.7.02.05.01', 'AKUMULASI PENYUSUTAN ALAT KANTOR', 6, '1.3.7.02.05', NULL, NULL),
(1082, '1.3.7.02.06', 'AKUMULASI PENYUSUTAN ALAT STUDIO, KOMUNIKASI DAN PEMANCAR', 5, '1.3.7.02', NULL, NULL),
(1083, '1.3.7.02.06.01', 'AKUMULASI PENYUSUTAN ALAT STUDIO', 6, '1.3.7.02.06', NULL, NULL),
(1084, '1.3.7.02.18', 'AKUMULASI PENYUSUTAN RAMBU -RAMBU', 5, '1.3.7.02', NULL, NULL),
(1085, '1.3.7.02.18.01', 'AKUMULASI PENYUSUTAN RAMBU-RAMBU LALU LINTAS DARAT', 6, '1.3.7.02.18', NULL, NULL),
(1086, '1.3.7.03', 'AKUMULASI PENYUSUTAN JALAN, JARINGAN DAN IRIGASI', 4, '1.3.7', NULL, NULL),
(1087, '1.3.7.03.01', 'AKUMULASI PENYUSUTAN JALAN DAN JEMBATAN', 5, '1.3.7.03', NULL, NULL),
(1088, '1.3.7.03.01.01', 'AKUMULASI PENYUSUTAN JALAN', 6, '1.3.7.03.01', NULL, NULL),
(1089, '1.3.7.03.01.02', 'AKUMULASI PENYUSUTAN JEMBATAN', 6, '1.3.7.03.01', NULL, NULL),
(1090, '1.3.7.03.01.03', 'AKUMULASI PENYUSUTAN ALAT BANTU', 6, '1.3.7.03.01', NULL, NULL),
(1091, '1.3.7.03.02', 'AKUMULASI PENYUSUTAN BANGUNAN AIR', 5, '1.3.7.03', NULL, NULL),
(1092, '1.3.7.03.02.01', 'AKUMULASI PENYUSUTAN BANGUNAN AIR IRIGASI', 6, '1.3.7.03.02', NULL, NULL),
(1093, '1.3.7.03.02.02', 'AKUMULASI PENYUSUTAN BANGUNAN PENGAIRAN PASANG SURUT', 6, '1.3.7.03.02', NULL, NULL),
(1094, '1.3.7.03.02.03', 'AKUMULASI PENYUSUTAN BANGUNAN PENGEMBANGAN RAWA DAN POLDER', 6, '1.3.7.03.02', NULL, NULL),
(1095, '1.3.7.03.02.04', 'AKUMULASI PENYUSUTAN BANGUNAN PENGAMAN SUNGAI/PANTAI & PENANGGULANGAN BENCANA ALAM', 6, '1.3.7.03.02', NULL, NULL),
(1096, '1.3.7.03.02.05', 'AKUMULASI PENYUSUTAN BANGUNAN PENGEMBANGAN SUMBER AIR DAN AIR TANAH', 6, '1.3.7.03.02', NULL, NULL),
(1097, '1.3.7.03.02.06', 'AKUMULASI PENYUSUTAN BANGUNAN AIR BERSIH/AIR BAKU', 6, '1.3.7.03.02', NULL, NULL),
(1098, '1.3.7.03.02.07', 'AKUMULASI PENYUSUTAN BANGUNAN AIR KOTOR', 6, '1.3.7.03.02', NULL, NULL),
(1099, '1.3.7.03.03', 'AKUMULASI PENYUSUTAN AKUMULASI PENYUSUTAN INSTALASI', 5, '1.3.7.03', NULL, NULL),
(1100, '1.3.7.03.03.01', 'AKUMULASI PENYUSUTAN INSTALASI AIR BERSIH/AIR BAKU', 6, '1.3.7.03.03', NULL, NULL),
(1101, '1.3.7.03.03.02', 'AKUMULASI PENYUSUTAN INSTALASI AIR KOTOR', 6, '1.3.7.03.03', NULL, NULL),
(1102, '1.3.7.03.03.03', 'AKUMULASI PENYUSUTAN INSTALASI PENGOLAHAN SAMPAH', 6, '1.3.7.03.03', NULL, NULL),
(1103, '1.3.7.03.03.04', 'AKUMULASI PENYUSUTAN INSTALASI PENGOLAHAN BAHAN BANGUNAN', 6, '1.3.7.03.03', NULL, NULL),
(1104, '1.3.7.03.03.05', 'AKUMULASI PENYUSUTAN INSTALASI PEMBANGKIT LISTRIK', 6, '1.3.7.03.03', NULL, NULL),
(1105, '1.3.7.03.03.06', 'AKUMULASI PENYUSUTAN INSTALASI GARDU LISTRIK', 6, '1.3.7.03.03', NULL, NULL),
(1106, '1.3.7.03.03.07', 'AKUMULASI PENYUSUTAN INSTALASI PERTAHANAN', 6, '1.3.7.03.03', NULL, NULL),
(1107, '1.3.7.03.03.08', 'AKUMULASI PENYUSUTAN INSTALASI GAS', 6, '1.3.7.03.03', NULL, NULL),
(1108, '1.3.7.03.03.09', 'AKUMULASI PENYUSUTAN INSTALASI PENGAMAN', 6, '1.3.7.03.03', NULL, NULL),
(1109, '1.3.7.03.03.10', 'AKUMULASI PENYUSUTAN INSTALASI LAIN', 6, '1.3.7.03.03', NULL, NULL),
(1110, '1.3.7.03.04', 'AKUMULASI PENYUSUTAN JARINGAN', 5, '1.3.7.03', NULL, NULL),
(1111, '1.3.7.03.04.01', 'AKUMULASI JARINGAN AIR MINUM', 6, '1.3.7.03.04', NULL, NULL),
(1112, '1.3.7.03.04.02', 'AKUMULASI PENYUSUTAN JARINGAN LISTRIK', 6, '1.3.7.03.04', NULL, NULL),
(1113, '1.3.7.03.04.03', 'AKUMULASI PENYUSUTAN JARINGAN TELEPON', 6, '1.3.7.03.04', NULL, NULL),
(1114, '1.3.7.03.04.04', 'AKUMULASI PENYUSUTAN JARINGAN GAS', 6, '1.3.7.03.04', NULL, NULL),
(1115, '1.3.7.03.05', 'AKUMULASI PENYUSUTAN ALAT KANTOR & RUMAH TANGGA', 5, '1.3.7.03', NULL, NULL),
(1116, '1.3.7.03.05.02', 'AKUMULASI PENYUSUTAN ALAT RUMAH TANGGA', 6, '1.3.7.03.05', NULL, NULL),
(1117, '1.3.7.03.07', 'AKUMULASI PENYUSUTAN ALAT KEDOKTERAN DAN KESEHATAN', 5, '1.3.7.03', NULL, NULL),
(1118, '1.3.7.03.07.01', 'AKUMULASI PENYUSUTAN ALAT KEDOKTERAN', 6, '1.3.7.03.07', NULL, NULL),
(1119, '1.3.7.04', 'AKUMULASI PENYUSUTAN ASET TETAP LAINNYA', 4, '1.3.7', NULL, NULL),
(1120, '1.3.7.04.01', 'AKUMULASI PENYUSUTAN ASET TETAP LAINNYA', 5, '1.3.7.04', NULL, NULL),
(1121, '1.3.7.04.01.01', 'AKUMULASI PENYUSUTAN ASET TETAP LAINNYA', 6, '1.3.7.04.01', NULL, NULL),
(1122, '1.3.7.04.07', 'AKUMULASI PENYUSUTAN ALAT KEDOKTERAN DAN KESEHATAN', 5, '1.3.7.04', NULL, NULL),
(1123, '1.3.7.04.07.01', 'AKUMULASI PENYUSUTAN ALAT KEDOKTERAN', 6, '1.3.7.04.07', NULL, NULL),
(1124, '1.5', 'ASET LAINNYA', 2, '1', NULL, NULL),
(1125, '1.5.2', 'KEMITRAAN DENGAN PIHAK KETIGA', 3, '1.5', NULL, NULL),
(1126, '1.5.2.01', 'KEMITRAAN DENGAN PIHAK KETIGA', 4, '1.5.2', NULL, NULL),
(1127, '1.5.2.01.01', 'KEMITRAAN DENGAN PIHAK KETIGA', 5, '1.5.2.01', NULL, NULL),
(1128, '1.5.2.01.01.01', 'SEWA', 6, '1.5.2.01.01', NULL, NULL),
(1129, '1.5.2.01.01.02', 'KERJASAMA PEMANFAATAN', 6, '1.5.2.01.01', NULL, NULL),
(1130, '1.5.2.01.01.03', 'BANGUN GUNA SERAH/BANGUN SERAH GUNA (BGS/BSG)', 6, '1.5.2.01.01', NULL, NULL),
(1131, '1.5.2.01.01.04', 'KERJA SAMA PENYEDIAAN INFRASTRUKTUR', 6, '1.5.2.01.01', NULL, NULL),
(1132, '1.5.3', 'ASET TIDAK BERWUJUD', 3, '1.5', NULL, NULL),
(1133, '1.5.3.01', 'ASET TIDAK BERWUJUD', 4, '1.5.3', NULL, NULL),
(1134, '1.5.3.01.01', 'ASET TIDAK BERWUJUD', 5, '1.5.3.01', NULL, NULL),
(1135, '1.5.3.01.01.01', 'GOODWILL', 6, '1.5.3.01.01', NULL, NULL),
(1136, '1.5.3.01.01.02', 'LISENSI DAN FRENCHISE', 6, '1.5.3.01.01', NULL, NULL),
(1137, '1.5.3.01.01.03', 'HAK CIPTA', 6, '1.5.3.01.01', NULL, NULL),
(1138, '1.5.3.01.01.04', 'HAK PATEN', 6, '1.5.3.01.01', NULL, NULL),
(1139, '1.5.3.01.01.05', 'SOFTWARE', 6, '1.5.3.01.01', NULL, NULL),
(1140, '1.5.3.01.01.06', 'KAJIAN', 6, '1.5.3.01.01', NULL, NULL),
(1141, '1.5.3.01.01.07', 'ASET TIDAK BERWUJUD YANG MEMPUNYAI NILAI SEJARAH/ BUDAYA', 6, '1.5.3.01.01', NULL, NULL),
(1142, '1.5.3.01.01.08', 'ASET TIDAK BERWUJUD DALAM PENGERJAAN', 6, '1.5.3.01.01', NULL, NULL),
(1143, '1.5.3.01.01.09', 'ASET TIDAK BERWUJUD LAINNYA', 6, '1.5.3.01.01', NULL, NULL),
(1144, '1.5.4', 'ASET LAIN-LAIN', 3, '1.5', NULL, NULL),
(1145, '1.5.4.01', 'ASET LAIN-LAIN', 4, '1.5.4', NULL, NULL),
(1146, '1.5.4.01.01', 'ASET LAIN-LAIN', 5, '1.5.4.01', NULL, NULL),
(1147, '1.5.4.01.01.01', 'ASET RUSAK BERAT/USANG', 6, '1.5.4.01.01', NULL, NULL),
(1148, '1.5.4.01.01.02', 'ASET TETAP YANG TIDAK DIGUNAKAN DALAM OPERASIONAL PEMERINTAH', 6, '1.5.4.01.01', NULL, NULL),
(1149, '1.5.4.01.01.03', 'ASET LAIN-LAIN LAINYA', 6, '1.5.4.01.01', NULL, NULL),
(1150, '1.5.4.01.01.06', 'KAJIAN', 6, '1.5.4.01.01', NULL, NULL),
(1151, '1.5.5', 'AKUMULASI AMORTISASI ASET TIDAK BERWUJUD', 3, '1.5', NULL, NULL),
(1152, '1.5.5.01', 'AKUMULASI AMORTISASI ASET TIDAK BERWUJUD', 4, '1.5.5', NULL, NULL),
(1153, '1.5.5.01.01', 'AKUMULASI AMORTISASI ASET TIDAK BERWUJUD', 5, '1.5.5.01', NULL, NULL),
(1154, '1.5.5.01.01.01', 'AKUMULASI AMORTISASI ASET TIDAK BERWUJUD', 6, '1.5.5.01.01', NULL, NULL),
(1155, '1.5.6', 'AKUMULASI PENYUSUTAN ASET LAINNYA', 3, '1.5', NULL, NULL),
(1156, '1.5.6.01', 'AKUMULASI PENYUSUTAN ASET LAINNYA', 4, '1.5.6', NULL, NULL),
(1157, '1.5.6.01.01', 'AKUMULASI PENYUSUTAN ASET LAINNYA', 5, '1.5.6.01', NULL, NULL),
(1158, '1.5.6.01.01.01', 'AKUMULASI PENYUSUTAN KEMITRAAN DENGAN PIHAK KETIGA', 6, '1.5.6.01.01', NULL, NULL),
(1159, '1.5.6.01.01.02', 'AKUMULASI PENYUSUTAN ASET LAIN-LAIN', 6, '1.5.6.01.01', NULL, NULL);

-- --------------------------------------------------------

--
-- Struktur dari tabel `migrations`
--

CREATE TABLE `migrations` (
  `id` int UNSIGNED NOT NULL,
  `migration` varchar(255) COLLATE utf8mb4_unicode_ci NOT NULL,
  `batch` int NOT NULL
) ENGINE=InnoDB DEFAULT CHARSET=utf8mb4 COLLATE=utf8mb4_unicode_ci;

--
-- Dumping data untuk tabel `migrations`
--

INSERT INTO `migrations` (`id`, `migration`, `batch`) VALUES
(1, '0001_01_01_000000_create_users_table', 1),
(2, '0001_01_01_000001_create_cache_table', 1),
(3, '0001_01_01_000002_create_jobs_table', 1),
(4, '2025_10_03_095839_create_skpds_table', 1),
(5, '2025_10_17_131219_create_persediaans_table', 1),
(6, '2025_10_23_034350_create_kode_barangs_table', 1),
(7, '2025_11_07_041022_create_aset_utamas_table', 1),
(8, '2025_11_07_041116_create_perolehan_penambahans_table', 1),
(9, '2025_11_07_041205_create_perolehan_pengurangans_table', 1),
(10, '2025_11_07_041228_create_penyusutan_penambahans_table', 1),
(11, '2025_11_07_041235_create_penyusutan_pengurangans_table', 1),
(12, '2025_11_07_041303_create_hitung_penyusutan_mutasis_table', 1),
(13, '2025_12_23_054333_create_kode_parent_barang_table', 2),
(14, '2026_01_01_181158_add_role_to_users_table', 3),
(15, '2026_05_18_072915_add_role_and_skpd_to_users_table', 4);

-- --------------------------------------------------------

--
-- Struktur dari tabel `password_reset_tokens`
--

CREATE TABLE `password_reset_tokens` (
  `email` varchar(255) COLLATE utf8mb4_unicode_ci NOT NULL,
  `token` varchar(255) COLLATE utf8mb4_unicode_ci NOT NULL,
  `created_at` timestamp NULL DEFAULT NULL
) ENGINE=InnoDB DEFAULT CHARSET=utf8mb4 COLLATE=utf8mb4_unicode_ci;

-- --------------------------------------------------------

--
-- Struktur dari tabel `penyusutan_penambahans`
--

CREATE TABLE `penyusutan_penambahans` (
  `id` bigint UNSIGNED NOT NULL,
  `aset_utama_id` bigint UNSIGNED DEFAULT NULL,
  `saldo_awal` int DEFAULT NULL,
  `koreksi_saldo_awal` int DEFAULT NULL,
  `hibah` int DEFAULT NULL,
  `mutasi` int DEFAULT NULL,
  `reklasifikasi` int DEFAULT NULL,
  `lainnya` int DEFAULT NULL,
  `created_at` timestamp NULL DEFAULT NULL,
  `updated_at` timestamp NULL DEFAULT NULL
) ENGINE=InnoDB DEFAULT CHARSET=utf8mb4 COLLATE=utf8mb4_unicode_ci;

--
-- Dumping data untuk tabel `penyusutan_penambahans`
--

INSERT INTO `penyusutan_penambahans` (`id`, `aset_utama_id`, `saldo_awal`, `koreksi_saldo_awal`, `hibah`, `mutasi`, `reklasifikasi`, `lainnya`, `created_at`, `updated_at`) VALUES
(1, 3, -8973702, 0, 0, 0, 0, 0, '2025-12-20 15:17:12', '2026-01-02 01:49:46'),
(2, 3, NULL, 331287, 2329239, 1473927, 743551, 60343, '2025-12-20 15:17:12', '2025-12-20 15:17:12'),
(3, 3, NULL, 566712, 19609, 384537, 62466, 158658, '2025-12-20 15:17:12', '2025-12-20 15:17:12'),
(4, NULL, NULL, 256578, 2693151, 297805, 997936, 319908, '2025-12-20 15:17:12', '2025-12-20 15:17:12'),
(5, NULL, NULL, 70695, 258234, 412623, 772259, 288100, '2025-12-20 15:17:12', '2025-12-20 15:17:12'),
(6, 2, 70000, 15000, 1000, 123, 123, 123, '2025-12-20 20:50:26', '2025-12-20 20:50:26'),
(7, 4, 1000, 0, 5000, 1000, 500, NULL, '2025-12-20 23:04:16', '2025-12-20 23:04:16'),
(9, 6, 20000, 0, 5000, 0, 0, 0, '2025-12-23 03:27:30', '2025-12-23 03:27:30'),
(10, 9, 6000, 5000, 4000, 3000, 2000, 1000, '2025-12-26 05:05:01', '2025-12-26 05:05:01'),
(11, 11, 59181347, 0, 0, 0, 0, 0, '2026-01-02 00:21:25', '2026-01-02 00:21:25'),
(12, 12, 12000, 0, 0, 0, 0, 0, '2026-01-02 00:55:12', '2026-01-02 00:56:54'),
(13, NULL, NULL, 720558, 1087140, 942976, 484764, 5548, '2026-01-02 01:16:34', '2026-01-02 01:16:34'),
(14, NULL, NULL, 515525, 36699, 1972546, 676307, 426857, '2026-01-02 01:16:34', '2026-01-02 01:16:34'),
(15, NULL, NULL, 167643, 3715408, 875462, 65191, 347254, '2026-01-02 01:16:34', '2026-01-02 01:16:34'),
(16, NULL, NULL, 622801, 4975109, 1432659, 19743, 202110, '2026-01-02 01:16:34', '2026-01-02 01:16:34'),
(17, NULL, NULL, 801914, 3803739, 1740377, 63673, 352959, '2026-01-02 01:16:34', '2026-01-02 01:16:34'),
(18, 15, -44631347, 0, 0, 0, 0, 0, '2026-01-02 01:29:51', '2026-01-02 01:49:56');

-- --------------------------------------------------------

--
-- Struktur dari tabel `penyusutan_pengurangans`
--

CREATE TABLE `penyusutan_pengurangans` (
  `id` bigint UNSIGNED NOT NULL,
  `aset_utama_id` bigint UNSIGNED DEFAULT NULL,
  `koreksi_saldo_awal` int DEFAULT NULL,
  `hibah` int DEFAULT NULL,
  `mutasi` int DEFAULT NULL,
  `reklasifikasi` int DEFAULT NULL,
  `penghapusan` int DEFAULT NULL,
  `lainnya` int DEFAULT NULL,
  `created_at` timestamp NULL DEFAULT NULL,
  `updated_at` timestamp NULL DEFAULT NULL
) ENGINE=InnoDB DEFAULT CHARSET=utf8mb4 COLLATE=utf8mb4_unicode_ci;

--
-- Dumping data untuk tabel `penyusutan_pengurangans`
--

INSERT INTO `penyusutan_pengurangans` (`id`, `aset_utama_id`, `koreksi_saldo_awal`, `hibah`, `mutasi`, `reklasifikasi`, `penghapusan`, `lainnya`, `created_at`, `updated_at`) VALUES
(1, NULL, 183084, 4490671, 331404, 749356, 4458300, 408174, '2025-12-20 15:17:12', '2025-12-20 15:17:12'),
(2, NULL, 966119, 2152392, 1917418, 506387, 3312956, 276070, '2025-12-20 15:17:12', '2025-12-20 15:17:12'),
(3, NULL, 659331, 1405476, 177739, 865198, 4591128, 77365, '2025-12-20 15:17:12', '2025-12-20 15:17:12'),
(4, NULL, 694680, 2141431, 1728460, 955682, 1596317, 119930, '2025-12-20 15:17:12', '2025-12-20 15:17:12'),
(5, NULL, 612006, 1205630, 1287908, 532855, 2538953, 98812, '2025-12-20 15:17:12', '2025-12-20 15:17:12'),
(6, NULL, 632972, 231027, 1946781, 253821, 4000388, 435857, '2026-01-02 01:16:34', '2026-01-02 01:16:34'),
(7, NULL, 411974, 4107582, 225362, 807106, 1030553, 265996, '2026-01-02 01:16:34', '2026-01-02 01:16:34'),
(8, NULL, 368629, 3499102, 730252, 935321, 857568, 382816, '2026-01-02 01:16:34', '2026-01-02 01:16:34'),
(9, NULL, 927185, 687771, 1213034, 974047, 703866, 247973, '2026-01-02 01:16:34', '2026-01-02 01:16:34'),
(10, NULL, 546618, 840877, 1534843, 128268, 3198006, 318990, '2026-01-02 01:16:34', '2026-01-02 01:16:34');

-- --------------------------------------------------------

--
-- Struktur dari tabel `perolehan_penambahans`
--

CREATE TABLE `perolehan_penambahans` (
  `id` bigint UNSIGNED NOT NULL,
  `aset_utama_id` bigint UNSIGNED DEFAULT NULL,
  `saldo_awal` int DEFAULT NULL,
  `koreksi_saldo_awal` int DEFAULT NULL,
  `belanja` int DEFAULT NULL,
  `hibah` int DEFAULT NULL,
  `mutasi` int DEFAULT NULL,
  `reklasifikasi` int DEFAULT NULL,
  `lainnya` int DEFAULT NULL,
  `created_at` timestamp NULL DEFAULT NULL,
  `updated_at` timestamp NULL DEFAULT NULL
) ENGINE=InnoDB DEFAULT CHARSET=utf8mb4 COLLATE=utf8mb4_unicode_ci;

--
-- Dumping data untuk tabel `perolehan_penambahans`
--

INSERT INTO `perolehan_penambahans` (`id`, `aset_utama_id`, `saldo_awal`, `koreksi_saldo_awal`, `belanja`, `hibah`, `mutasi`, `reklasifikasi`, `lainnya`, `created_at`, `updated_at`) VALUES
(1, NULL, 45712620, 215381, 2605473, 4524101, 1077061, 446201, 478904, '2025-12-20 15:17:12', '2025-12-20 15:17:12'),
(2, NULL, 37568437, 614355, 5975008, 3677952, 765743, 464046, 315099, '2025-12-20 15:17:12', '2025-12-20 15:17:12'),
(3, NULL, 37149216, 918984, 1346767, 4747354, 1854003, 252154, 29035, '2025-12-20 15:17:12', '2025-12-20 15:17:12'),
(4, NULL, 8230637, 712055, 7373298, 1682976, 1601848, 538959, 48968, '2025-12-20 15:17:12', '2025-12-20 15:17:12'),
(5, NULL, 5148347, 242260, 5610213, 2437625, 1687875, 66057, 125021, '2025-12-20 15:17:12', '2025-12-20 15:17:12'),
(6, 2, 10000, 20000, 1000, 3000, 5000, 9000, 1000, '2025-12-25 06:09:20', '2025-12-25 06:09:20'),
(7, 7, 100, 200, 300, 400, 500, 600, 700, '2025-12-25 06:11:04', '2025-12-25 06:11:04'),
(8, 8, 1000, 2000, 3000, 4000, 5000, 6000, 7000, '2025-12-25 06:13:47', '2025-12-25 06:13:47'),
(9, 9, 1000, 2000, 3000, 4000, 5000, 6000, 7000, '2025-12-26 05:04:19', '2025-12-26 05:04:19'),
(10, NULL, 33916145, 491021, 7835050, 2651317, 1046805, 999641, 129821, '2026-01-02 01:16:34', '2026-01-02 01:16:34'),
(11, NULL, 46652966, 361323, 5627393, 3315304, 1731475, 132807, 374528, '2026-01-02 01:16:34', '2026-01-02 01:16:34'),
(12, NULL, 27922323, 647582, 6795852, 624323, 1852321, 462801, 266220, '2026-01-02 01:16:34', '2026-01-02 01:16:34'),
(13, NULL, 34153232, 938289, 7173431, 2240839, 1795906, 475218, 225217, '2026-01-02 01:16:34', '2026-01-02 01:16:34'),
(14, NULL, 10273264, 817691, 9179568, 502236, 1475530, 332756, 160593, '2026-01-02 01:16:34', '2026-01-02 01:16:34'),
(15, 15, 44631347, 0, 0, 0, 0, 0, 0, '2026-01-02 01:28:51', '2026-01-02 01:28:51'),
(16, 3, 14550000, 0, 0, 0, 0, 0, 0, '2026-01-02 01:29:09', '2026-01-02 01:29:09');

-- --------------------------------------------------------

--
-- Struktur dari tabel `perolehan_pengurangans`
--

CREATE TABLE `perolehan_pengurangans` (
  `id` bigint UNSIGNED NOT NULL,
  `aset_utama_id` bigint UNSIGNED DEFAULT NULL,
  `koreksi_saldo_awal` int DEFAULT NULL,
  `hibah` int DEFAULT NULL,
  `mutasi` int DEFAULT NULL,
  `reklasifikasi` int DEFAULT NULL,
  `penghapusan` int DEFAULT NULL,
  `lainnya` int DEFAULT NULL,
  `created_at` timestamp NULL DEFAULT NULL,
  `updated_at` timestamp NULL DEFAULT NULL
) ENGINE=InnoDB DEFAULT CHARSET=utf8mb4 COLLATE=utf8mb4_unicode_ci;

--
-- Dumping data untuk tabel `perolehan_pengurangans`
--

INSERT INTO `perolehan_pengurangans` (`id`, `aset_utama_id`, `koreksi_saldo_awal`, `hibah`, `mutasi`, `reklasifikasi`, `penghapusan`, `lainnya`, `created_at`, `updated_at`) VALUES
(1, NULL, 46166, 882686, 420782, 38691, 3227194, 214342, '2025-12-20 15:17:12', '2025-12-20 15:17:12'),
(2, NULL, 373553, 862237, 1455434, 318372, 1794949, 158662, '2025-12-20 15:17:12', '2025-12-20 15:17:12'),
(3, NULL, 675652, 837465, 1795245, 895047, 4728050, 304788, '2025-12-20 15:17:12', '2025-12-20 15:17:12'),
(4, NULL, 365577, 2973055, 1942538, 32260, 1831388, 493250, '2025-12-20 15:17:12', '2025-12-20 15:17:12'),
(5, NULL, 802387, 1710087, 1220939, 803592, 3753757, 309642, '2025-12-20 15:17:12', '2025-12-20 15:17:12'),
(6, NULL, 260688, 4458732, 463058, 708974, 4951487, 23896, '2026-01-02 01:16:34', '2026-01-02 01:16:34'),
(7, NULL, 513803, 22145, 1012587, 206444, 3661194, 195518, '2026-01-02 01:16:34', '2026-01-02 01:16:34'),
(8, NULL, 783284, 1770221, 1632796, 778860, 3619488, 377601, '2026-01-02 01:16:34', '2026-01-02 01:16:34'),
(9, NULL, 596351, 2677667, 855223, 220594, 4645529, 130396, '2026-01-02 01:16:34', '2026-01-02 01:16:34'),
(10, NULL, 868368, 2007969, 214264, 369979, 1551494, 460140, '2026-01-02 01:16:34', '2026-01-02 01:16:34');

-- --------------------------------------------------------

--
-- Struktur dari tabel `persediaans`
--

CREATE TABLE `persediaans` (
  `id` bigint UNSIGNED NOT NULL,
  `skpd_id` bigint UNSIGNED DEFAULT NULL,
  `kategori_persediaan` enum('belanja_bahan','belanja_alat','belanja_persediaan') COLLATE utf8mb4_unicode_ci NOT NULL,
  `nama_barang` varchar(255) COLLATE utf8mb4_unicode_ci NOT NULL,
  `saldo` int NOT NULL,
  `realisasi` int NOT NULL,
  `hibah_penambahan` int NOT NULL,
  `reklasifikasi_penambahan` int NOT NULL,
  `pemakaian` int NOT NULL,
  `hibah_pengurangan` int NOT NULL,
  `reklasifikasi_pengurangan` int NOT NULL,
  `keterangan` varchar(255) COLLATE utf8mb4_unicode_ci NOT NULL,
  `created_at` timestamp NULL DEFAULT NULL,
  `updated_at` timestamp NULL DEFAULT NULL
) ENGINE=InnoDB DEFAULT CHARSET=utf8mb4 COLLATE=utf8mb4_unicode_ci;

--
-- Dumping data untuk tabel `persediaans`
--

INSERT INTO `persediaans` (`id`, `skpd_id`, `kategori_persediaan`, `nama_barang`, `saldo`, `realisasi`, `hibah_penambahan`, `reklasifikasi_penambahan`, `pemakaian`, `hibah_pengurangan`, `reklasifikasi_pengurangan`, `keterangan`, `created_at`, `updated_at`) VALUES
(1, 1, 'belanja_bahan', 'Kertas HVS A4 70gr (Sidu)', 5000000, 2000000, 0, 0, 1500000, 0, 0, 'Pengadaan ATK Triwulan I', '2025-12-20 15:17:12', '2025-12-20 15:17:12'),
(2, 1, 'belanja_alat', 'Toner Printer HP Laserjet 85A', 12000000, 0, 5000000, 0, 2500000, 0, 0, 'Stok Gudang Utama', '2025-12-20 15:17:12', '2025-12-20 15:17:12'),
(3, 1, 'belanja_persediaan', 'Materai 10.000', 3000000, 1000000, 0, 0, 500000, 0, 0, 'Persediaan Benda Pos', '2025-12-20 15:17:12', '2025-12-20 15:17:12'),
(4, 1, 'belanja_bahan', 'Isi Staples Besar (No. 3)', 150000, 50000, 0, 0, 25000, 0, 0, 'Sisa Stok Tahun Lalu', '2025-12-20 15:17:12', '2025-12-20 15:17:12'),
(5, 1, 'belanja_bahan', 'Map Kertas Batik', 750000, 250000, 0, 0, 100000, 0, 0, 'Keperluan Rapat', '2025-12-20 15:17:12', '2025-12-20 15:17:12'),
(6, 1, 'belanja_bahan', 'Kertas HVS A4 70gr (Sidu)', 5000000, 2000000, 0, 0, 1500000, 0, 0, 'Pengadaan ATK Triwulan I', '2026-01-02 01:16:32', '2026-01-02 01:16:32'),
(7, 1, 'belanja_alat', 'Toner Printer HP Laserjet 85A', 12000000, 0, 5000000, 0, 2500000, 0, 0, 'Stok Gudang Utama', '2026-01-02 01:16:32', '2026-01-02 01:16:32'),
(8, 1, 'belanja_persediaan', 'Materai 10.000', 3000000, 1000000, 0, 0, 500000, 0, 0, 'Persediaan Benda Pos', '2026-01-02 01:16:32', '2026-01-02 01:16:32'),
(9, 1, 'belanja_bahan', 'Isi Staples Besar (No. 3)', 150000, 50000, 0, 0, 25000, 0, 0, 'Sisa Stok Tahun Lalu', '2026-01-02 01:16:32', '2026-01-02 01:16:32'),
(10, 1, 'belanja_bahan', 'Map Kertas Batik', 750000, 250000, 0, 0, 100000, 0, 0, 'Keperluan Rapat', '2026-01-02 01:16:32', '2026-01-02 01:16:32');

-- --------------------------------------------------------

--
-- Struktur dari tabel `sessions`
--

CREATE TABLE `sessions` (
  `id` varchar(255) COLLATE utf8mb4_unicode_ci NOT NULL,
  `user_id` bigint UNSIGNED DEFAULT NULL,
  `ip_address` varchar(45) COLLATE utf8mb4_unicode_ci DEFAULT NULL,
  `user_agent` text COLLATE utf8mb4_unicode_ci,
  `payload` longtext COLLATE utf8mb4_unicode_ci NOT NULL,
  `last_activity` int NOT NULL
) ENGINE=InnoDB DEFAULT CHARSET=utf8mb4 COLLATE=utf8mb4_unicode_ci;

--
-- Dumping data untuk tabel `sessions`
--

INSERT INTO `sessions` (`id`, `user_id`, `ip_address`, `user_agent`, `payload`, `last_activity`) VALUES
('FP4ReVD1nHK3bpDSEZ8vslZhJI7AumqCqussnKVW', 4, '127.0.0.1', 'Mozilla/5.0 (Windows NT 10.0; Win64; x64) AppleWebKit/537.36 (KHTML, like Gecko) Chrome/148.0.0.0 Safari/537.36', 'YTo1OntzOjY6Il90b2tlbiI7czo0MDoiemp1VVo2OVpFS08weTJqSlRFUUxNWVFOSXpIcG5ROW5RSHlhQTRMMSI7czo2OiJfZmxhc2giO2E6Mjp7czozOiJvbGQiO2E6MDp7fXM6MzoibmV3IjthOjA6e319czo5OiJfcHJldmlvdXMiO2E6Mjp7czozOiJ1cmwiO3M6MzE6Imh0dHA6Ly8xMjcuMC4wLjE6ODAwMC9kYXNoYm9hcmQiO3M6NToicm91dGUiO3M6MTU6IkRhc2hib2FyZC5pbmRleCI7fXM6NTA6ImxvZ2luX3dlYl81OWJhMzZhZGRjMmIyZjk0MDE1ODBmMDE0YzdmNThlYTRlMzA5ODlkIjtpOjQ7czoxNDoiYWN0aXZlX3NrcGRfaWQiO3M6MToiMiI7fQ==', 1780123548),
('RUAC7wYEF68PNJtmDBlbY2EKhAB7UJ7Q4gkR5Daf', 1, '127.0.0.1', 'Mozilla/5.0 (Windows NT 10.0; Win64; x64) AppleWebKit/537.36 (KHTML, like Gecko) Chrome/148.0.0.0 Safari/537.36', 'YTo1OntzOjY6Il90b2tlbiI7czo0MDoiaDJkRnkzZzlNelNBS0tUQTl3UkhGdlBSSEZOeWkydXFHVFBhdmlnViI7czo2OiJfZmxhc2giO2E6Mjp7czozOiJvbGQiO2E6MDp7fXM6MzoibmV3IjthOjA6e319czo5OiJfcHJldmlvdXMiO2E6Mjp7czozOiJ1cmwiO3M6MjE6Imh0dHA6Ly8xMjcuMC4wLjE6ODAwMCI7czo1OiJyb3V0ZSI7czo1OiJsb2dpbiI7fXM6NTA6ImxvZ2luX3dlYl81OWJhMzZhZGRjMmIyZjk0MDE1ODBmMDE0YzdmNThlYTRlMzA5ODlkIjtpOjE7czoxNDoiYWN0aXZlX3NrcGRfaWQiO3M6MToiMiI7fQ==', 1780123731);

-- --------------------------------------------------------

--
-- Struktur dari tabel `skpds`
--

CREATE TABLE `skpds` (
  `id` bigint UNSIGNED NOT NULL,
  `nama` varchar(255) COLLATE utf8mb4_unicode_ci NOT NULL,
  `created_at` timestamp NULL DEFAULT NULL,
  `updated_at` timestamp NULL DEFAULT NULL
) ENGINE=InnoDB DEFAULT CHARSET=utf8mb4 COLLATE=utf8mb4_unicode_ci;

--
-- Dumping data untuk tabel `skpds`
--

INSERT INTO `skpds` (`id`, `nama`, `created_at`, `updated_at`) VALUES
(1, 'Dinas Ketahanan Pangan, Pertanian, dan Perikanan (DKP3)', NULL, NULL),
(2, 'Dinas Pendidikan dan Kebudayaan', '2025-12-20 15:17:12', '2025-12-20 15:17:12'),
(3, 'Dinas Kesehatan', '2025-12-20 15:17:12', '2025-12-20 15:17:12'),
(4, 'Dinas Pekerjaan Umum dan Penataan Ruang', '2025-12-20 15:17:12', '2025-12-20 15:17:12'),
(5, 'Badan Perencanaan Pembangunan Daerah (BAPPEDA)', '2025-12-20 15:17:12', '2025-12-20 15:17:12'),
(6, 'Badan Pengelolaan Keuangan dan Aset Daerah (BPKAD)', '2025-12-20 15:17:12', '2025-12-20 15:17:12'),
(7, 'Dinas Kependudukan dan Pencatatan Sipil', '2025-12-20 15:17:12', '2025-12-20 15:17:12'),
(8, 'Dinas Sosial', '2025-12-20 15:17:12', '2025-12-20 15:17:12'),
(9, 'Dinas Perhubungan', '2025-12-20 15:17:12', '2025-12-20 15:17:12'),
(10, 'Satuan Polisi Pamong Praja', '2025-12-20 15:17:12', '2025-12-20 15:17:12'),
(11, 'Dinas Penanaman Modal dan PTSP', '2025-12-20 15:17:12', '2025-12-20 15:17:12'),
(12, 'Dinas Penanaman Modal dan Pelayanan Terpadu Satu Pintu (DPMPTSP)', '2026-01-02 01:16:32', '2026-01-02 01:16:32'),
(13, 'Dinas Koperasi, Usaha Mikro, Perindustrian, dan Perdagangan (Diskumindag)', '2026-01-02 01:16:32', '2026-01-02 01:16:32'),
(14, 'Dinas Tenaga Kerja (Disnaker)', '2026-01-02 01:16:32', '2026-01-02 01:16:32'),
(15, 'Dinas Lingkungan Hidup (DLH)', '2026-01-02 01:16:32', '2026-01-02 01:16:32'),
(16, 'Dinas Perumahan dan Kawasan Permukiman (Diskimrum)', '2026-01-02 01:16:32', '2026-01-02 01:16:32'),
(17, 'Dinas Pengendalian Penduduk, Keluarga Berencana, dan Pemberdayaan Perempuan Perlindungan Anak (Dalduk KBP3A)', '2026-01-02 01:16:32', '2026-01-02 01:16:32'),
(18, 'Dinas Kepemudaan, Olahraga, dan Pariwisata (Disporapar)', '2026-01-02 01:16:32', '2026-01-02 01:16:32'),
(19, 'Dinas Perpustakaan dan Kearsipan (Dispusip)', '2026-01-02 01:16:32', '2026-01-02 01:16:32'),
(20, 'Dinas Komunikasi dan Informatika (Diskominfo)', '2026-01-02 01:16:32', '2026-01-02 01:16:32'),
(21, 'Dinas Pemadam Kebakaran dan Penyelamatan (Damkar)', '2026-01-02 01:16:32', '2026-01-02 01:16:32'),
(22, 'Badan Kepegawaian dan Pengembangan Sumber Daya Manusia (BKPSDM)', NULL, NULL),
(23, 'Badan Penanggulangan Bencana Daerah (BPBD)', NULL, NULL),
(24, 'Badan Kesatuan Bangsa dan Politik (Bakesbangpol)', NULL, NULL),
(25, 'Inspektorat Kota Sukabumi', NULL, NULL),
(26, 'Kecamatan Citamiang', NULL, NULL),
(27, 'Kecamatan Warudoyong', NULL, NULL),
(28, 'Kecamatan Cikole', NULL, NULL),
(29, 'Kecamatan Gunung Puyuh', NULL, NULL),
(30, 'Kecamatan Cibereum', NULL, NULL),
(31, 'Kecamatan Baros', NULL, NULL),
(32, 'Kecamatan Lembursitu', NULL, NULL);

-- --------------------------------------------------------

--
-- Struktur dari tabel `users`
--

CREATE TABLE `users` (
  `id` bigint UNSIGNED NOT NULL,
  `name` varchar(255) COLLATE utf8mb4_unicode_ci NOT NULL,
  `email` varchar(255) COLLATE utf8mb4_unicode_ci NOT NULL,
  `email_verified_at` timestamp NULL DEFAULT NULL,
  `password` varchar(255) COLLATE utf8mb4_unicode_ci NOT NULL,
  `role` varchar(50) COLLATE utf8mb4_unicode_ci NOT NULL DEFAULT 'admin',
  `remember_token` varchar(100) COLLATE utf8mb4_unicode_ci DEFAULT NULL,
  `created_at` timestamp NULL DEFAULT NULL,
  `updated_at` timestamp NULL DEFAULT NULL,
  `skpd_id` bigint UNSIGNED DEFAULT NULL
) ENGINE=InnoDB DEFAULT CHARSET=utf8mb4 COLLATE=utf8mb4_unicode_ci;

--
-- Dumping data untuk tabel `users`
--

INSERT INTO `users` (`id`, `name`, `email`, `email_verified_at`, `password`, `role`, `remember_token`, `created_at`, `updated_at`, `skpd_id`) VALUES
(1, 'Admin PMD', 'admin@bmd.com', NULL, '$2y$12$5q4CHu5X3MTsVrkogyIG7OfjMWq/elkHhxVIvk/iw8S0mbDtZ836.', 'admin', NULL, '2026-01-02 01:16:35', '2026-01-02 01:16:35', NULL),
(2, 'Operator BMD', 'operator@bmd.com', NULL, '$2y$12$C3AV5suRYg2T8kFn4ZG4suRLHuT2.0OnHYvSVA1RUX7si/nwprWWS', 'operator', NULL, '2026-01-02 01:16:35', '2026-01-02 01:16:35', NULL),
(3, 'Diskominfo', 'diskominfo@gmail.com', NULL, '$2y$12$eoyylZc.D2OU1aX3kX0sUewS4KsD.79WqRdtglcvZH4CssWetEmym', 'viewer', NULL, '2026-01-04 00:37:20', '2026-05-18 00:11:41', NULL),
(4, 'Dinas Pendidikan', 'Dinaspendidikan@gmail.com', NULL, '$2y$12$8Z9SS/jF4mLWtY1qcteg1upn.o4szRytoTzEzVrJvM35sGpw.vC3.', 'operator_skpd', NULL, '2026-05-18 00:41:42', '2026-05-18 00:41:42', 2),
(5, 'Dinas Kesehatan', 'dinaskesehatan@gmail.com', NULL, '$2y$12$MYhtOgiwO4TWXKhP6RA/vODYsq11f3rJ6zuUGZua7/7RhEQeHzE3y', 'operator_skpd', NULL, '2026-05-20 20:34:28', '2026-05-20 20:34:28', 3);

--
-- Indeks untuk tabel yang dibuang
--

--
-- Indeks untuk tabel `aset_utamas`
--
ALTER TABLE `aset_utamas`
  ADD PRIMARY KEY (`id`),
  ADD KEY `aset_utamas_skpd_id_foreign` (`skpd_id`),
  ADD KEY `aset_utamas_kode_barang_id_foreign` (`kode_barang_id`);

--
-- Indeks untuk tabel `cache`
--
ALTER TABLE `cache`
  ADD PRIMARY KEY (`key`);

--
-- Indeks untuk tabel `cache_locks`
--
ALTER TABLE `cache_locks`
  ADD PRIMARY KEY (`key`);

--
-- Indeks untuk tabel `failed_jobs`
--
ALTER TABLE `failed_jobs`
  ADD PRIMARY KEY (`id`),
  ADD UNIQUE KEY `failed_jobs_uuid_unique` (`uuid`);

--
-- Indeks untuk tabel `hitung_penyusutan_mutasis`
--
ALTER TABLE `hitung_penyusutan_mutasis`
  ADD PRIMARY KEY (`id`),
  ADD KEY `hitung_penyusutan_mutasis_aset_utama_id_foreign` (`aset_utama_id`);

--
-- Indeks untuk tabel `jobs`
--
ALTER TABLE `jobs`
  ADD PRIMARY KEY (`id`),
  ADD KEY `jobs_queue_index` (`queue`);

--
-- Indeks untuk tabel `job_batches`
--
ALTER TABLE `job_batches`
  ADD PRIMARY KEY (`id`);

--
-- Indeks untuk tabel `kode_barangs`
--
ALTER TABLE `kode_barangs`
  ADD PRIMARY KEY (`id`);

--
-- Indeks untuk tabel `kode_parent_barang`
--
ALTER TABLE `kode_parent_barang`
  ADD PRIMARY KEY (`id`),
  ADD UNIQUE KEY `kode_parent_barang_kode_unique` (`kode`);

--
-- Indeks untuk tabel `migrations`
--
ALTER TABLE `migrations`
  ADD PRIMARY KEY (`id`);

--
-- Indeks untuk tabel `password_reset_tokens`
--
ALTER TABLE `password_reset_tokens`
  ADD PRIMARY KEY (`email`);

--
-- Indeks untuk tabel `penyusutan_penambahans`
--
ALTER TABLE `penyusutan_penambahans`
  ADD PRIMARY KEY (`id`),
  ADD KEY `penyusutan_penambahans_aset_utama_id_foreign` (`aset_utama_id`);

--
-- Indeks untuk tabel `penyusutan_pengurangans`
--
ALTER TABLE `penyusutan_pengurangans`
  ADD PRIMARY KEY (`id`),
  ADD KEY `penyusutan_pengurangans_aset_utama_id_foreign` (`aset_utama_id`);

--
-- Indeks untuk tabel `perolehan_penambahans`
--
ALTER TABLE `perolehan_penambahans`
  ADD PRIMARY KEY (`id`),
  ADD KEY `perolehan_penambahans_aset_utama_id_foreign` (`aset_utama_id`);

--
-- Indeks untuk tabel `perolehan_pengurangans`
--
ALTER TABLE `perolehan_pengurangans`
  ADD PRIMARY KEY (`id`),
  ADD KEY `perolehan_pengurangans_aset_utama_id_foreign` (`aset_utama_id`);

--
-- Indeks untuk tabel `persediaans`
--
ALTER TABLE `persediaans`
  ADD PRIMARY KEY (`id`),
  ADD KEY `persediaans_skpd_id_foreign` (`skpd_id`);

--
-- Indeks untuk tabel `sessions`
--
ALTER TABLE `sessions`
  ADD PRIMARY KEY (`id`),
  ADD KEY `sessions_user_id_index` (`user_id`),
  ADD KEY `sessions_last_activity_index` (`last_activity`);

--
-- Indeks untuk tabel `skpds`
--
ALTER TABLE `skpds`
  ADD PRIMARY KEY (`id`);

--
-- Indeks untuk tabel `users`
--
ALTER TABLE `users`
  ADD PRIMARY KEY (`id`),
  ADD UNIQUE KEY `users_email_unique` (`email`),
  ADD KEY `users_skpd_id_foreign` (`skpd_id`);

--
-- AUTO_INCREMENT untuk tabel yang dibuang
--

--
-- AUTO_INCREMENT untuk tabel `aset_utamas`
--
ALTER TABLE `aset_utamas`
  MODIFY `id` bigint UNSIGNED NOT NULL AUTO_INCREMENT, AUTO_INCREMENT=16;

--
-- AUTO_INCREMENT untuk tabel `failed_jobs`
--
ALTER TABLE `failed_jobs`
  MODIFY `id` bigint UNSIGNED NOT NULL AUTO_INCREMENT;

--
-- AUTO_INCREMENT untuk tabel `hitung_penyusutan_mutasis`
--
ALTER TABLE `hitung_penyusutan_mutasis`
  MODIFY `id` bigint UNSIGNED NOT NULL AUTO_INCREMENT, AUTO_INCREMENT=12;

--
-- AUTO_INCREMENT untuk tabel `jobs`
--
ALTER TABLE `jobs`
  MODIFY `id` bigint UNSIGNED NOT NULL AUTO_INCREMENT;

--
-- AUTO_INCREMENT untuk tabel `kode_barangs`
--
ALTER TABLE `kode_barangs`
  MODIFY `id` bigint UNSIGNED NOT NULL AUTO_INCREMENT, AUTO_INCREMENT=8;

--
-- AUTO_INCREMENT untuk tabel `kode_parent_barang`
--
ALTER TABLE `kode_parent_barang`
  MODIFY `id` bigint UNSIGNED NOT NULL AUTO_INCREMENT, AUTO_INCREMENT=1160;

--
-- AUTO_INCREMENT untuk tabel `migrations`
--
ALTER TABLE `migrations`
  MODIFY `id` int UNSIGNED NOT NULL AUTO_INCREMENT, AUTO_INCREMENT=16;

--
-- AUTO_INCREMENT untuk tabel `penyusutan_penambahans`
--
ALTER TABLE `penyusutan_penambahans`
  MODIFY `id` bigint UNSIGNED NOT NULL AUTO_INCREMENT, AUTO_INCREMENT=19;

--
-- AUTO_INCREMENT untuk tabel `penyusutan_pengurangans`
--
ALTER TABLE `penyusutan_pengurangans`
  MODIFY `id` bigint UNSIGNED NOT NULL AUTO_INCREMENT, AUTO_INCREMENT=11;

--
-- AUTO_INCREMENT untuk tabel `perolehan_penambahans`
--
ALTER TABLE `perolehan_penambahans`
  MODIFY `id` bigint UNSIGNED NOT NULL AUTO_INCREMENT, AUTO_INCREMENT=17;

--
-- AUTO_INCREMENT untuk tabel `perolehan_pengurangans`
--
ALTER TABLE `perolehan_pengurangans`
  MODIFY `id` bigint UNSIGNED NOT NULL AUTO_INCREMENT, AUTO_INCREMENT=11;

--
-- AUTO_INCREMENT untuk tabel `persediaans`
--
ALTER TABLE `persediaans`
  MODIFY `id` bigint UNSIGNED NOT NULL AUTO_INCREMENT, AUTO_INCREMENT=11;

--
-- AUTO_INCREMENT untuk tabel `skpds`
--
ALTER TABLE `skpds`
  MODIFY `id` bigint UNSIGNED NOT NULL AUTO_INCREMENT, AUTO_INCREMENT=33;

--
-- AUTO_INCREMENT untuk tabel `users`
--
ALTER TABLE `users`
  MODIFY `id` bigint UNSIGNED NOT NULL AUTO_INCREMENT, AUTO_INCREMENT=6;

--
-- Ketidakleluasaan untuk tabel pelimpahan (Dumped Tables)
--

--
-- Ketidakleluasaan untuk tabel `aset_utamas`
--
ALTER TABLE `aset_utamas`
  ADD CONSTRAINT `aset_utamas_kode_barang_id_foreign` FOREIGN KEY (`kode_barang_id`) REFERENCES `kode_barangs` (`id`) ON DELETE SET NULL,
  ADD CONSTRAINT `aset_utamas_skpd_id_foreign` FOREIGN KEY (`skpd_id`) REFERENCES `skpds` (`id`) ON DELETE CASCADE;

--
-- Ketidakleluasaan untuk tabel `hitung_penyusutan_mutasis`
--
ALTER TABLE `hitung_penyusutan_mutasis`
  ADD CONSTRAINT `hitung_penyusutan_mutasis_aset_utama_id_foreign` FOREIGN KEY (`aset_utama_id`) REFERENCES `aset_utamas` (`id`) ON DELETE CASCADE;

--
-- Ketidakleluasaan untuk tabel `penyusutan_penambahans`
--
ALTER TABLE `penyusutan_penambahans`
  ADD CONSTRAINT `penyusutan_penambahans_aset_utama_id_foreign` FOREIGN KEY (`aset_utama_id`) REFERENCES `aset_utamas` (`id`) ON DELETE CASCADE;

--
-- Ketidakleluasaan untuk tabel `penyusutan_pengurangans`
--
ALTER TABLE `penyusutan_pengurangans`
  ADD CONSTRAINT `penyusutan_pengurangans_aset_utama_id_foreign` FOREIGN KEY (`aset_utama_id`) REFERENCES `aset_utamas` (`id`) ON DELETE CASCADE;

--
-- Ketidakleluasaan untuk tabel `perolehan_penambahans`
--
ALTER TABLE `perolehan_penambahans`
  ADD CONSTRAINT `perolehan_penambahans_aset_utama_id_foreign` FOREIGN KEY (`aset_utama_id`) REFERENCES `aset_utamas` (`id`) ON DELETE CASCADE;

--
-- Ketidakleluasaan untuk tabel `perolehan_pengurangans`
--
ALTER TABLE `perolehan_pengurangans`
  ADD CONSTRAINT `perolehan_pengurangans_aset_utama_id_foreign` FOREIGN KEY (`aset_utama_id`) REFERENCES `aset_utamas` (`id`) ON DELETE CASCADE;

--
-- Ketidakleluasaan untuk tabel `persediaans`
--
ALTER TABLE `persediaans`
  ADD CONSTRAINT `persediaans_skpd_id_foreign` FOREIGN KEY (`skpd_id`) REFERENCES `skpds` (`id`) ON DELETE CASCADE;

--
-- Ketidakleluasaan untuk tabel `users`
--
ALTER TABLE `users`
  ADD CONSTRAINT `users_skpd_id_foreign` FOREIGN KEY (`skpd_id`) REFERENCES `skpds` (`id`) ON DELETE SET NULL;
COMMIT;

/*!40101 SET CHARACTER_SET_CLIENT=@OLD_CHARACTER_SET_CLIENT */;
/*!40101 SET CHARACTER_SET_RESULTS=@OLD_CHARACTER_SET_RESULTS */;
/*!40101 SET COLLATION_CONNECTION=@OLD_COLLATION_CONNECTION */;
